Workbook

Sheet Current
A1: Wordpress ID | B1: Sort Order | C1: Title | D1: Location | E1: Size (Sq. Ft) | F1: Role | G1: Designed By | H1: Architecture by | I1: Category | J1: Sub-Category / Filter | K1: Link
A2: 439 | B2: 1 | C2: Boqueria Restaurant | D2: Midtown | E2: 10500 | F2: General Contractor | G2: Studio Razavi | H2: Bill White | I2: Commercial | J2: Restaurant | K2: https://www.streamlineusa.com/commercial/boqueria-restaurant/
A3: 552 | B3: 1 | C3: Duane Street Penthouse | D3: Tribeca | E3: 4000 | F3: General Contractor | G3: Dean Winters and Diana Gomez | H3: SWA Architecture | I3: Residential | K3: https://www.streamlineusa.com/residential/duane-street-penthouse/
B4: 1 | C4: Bad Roman 10 Columbus Mall | D4: Upper West Side | E4: 12500 | F4: General Contractor | G4: Michael Stillman | H4: GRT Architects LLP | I4: Commercial
A5: 436 | B5: 2 | C5: Sugarcane Raw Bar And Grill | D5: Brooklyn | E5: 12500 | F5: General Contractor + Millwork | G5: CetraRuddy Design | H5: Lawrence Jones Architecture | I5: Commercial | J5: Restaurant | K5: https://www.streamlineusa.com/commercial/sugar-cane-raw-bar-and-grill/
A6: 2306 | B6: 2 | C6: e64th St Townhouse | D6: Lenox Hill | E6: 3800 | F6: General Contractor | G6: Virginia Tupker Interiors | H6: MZA Architecture | I6: Residential | K6: https://www.streamlineusa.com/residential/e64-st-townhouse/
A7: 433 | B7: 3 | C7: Grand Ole Opry City Stage | D7: Times Square | E7: 22000 | F7: Construction Manager | G7: Morris Nathanson Interior Design | H7: SWA architecture | I7: Commercial | K7: https://www.streamlineusa.com/commercial/grand-ole-opry-city-stage/
A8: 570 | B8: 3 | C8: 69th St Townhouse | D8: Upper West Side | E8: 6000 | F8: General Contractor + Millwork | G8: Fury Design | H8: Adi Gershoni | I8: Residential | K8: https://www.streamlineusa.com/residential/69th-st-townhouse/
B9: 3 | C9: 700 Park Ave | D9: Upper East Side | E9: 2100 | F9: General Contractor | G9: Griffin Design Studios Jorge Porta | H9: Griffin Design Studios Jorge Porta | I9: Residential | K9: Need copy, images are too low res. you can tell by the featured photo
A10: 506 | B10: 4 | C10: Spring Studios, Spring Place | D10: Tribeca | E10: 15000 | F10: General Contractor | G10: Bluarch Design | H10: Antonio DiOronzo | I10: Commercial | K10: https://www.streamlineusa.com/commercial/spring-studios-spring-place/
A11: 531 | B11: 4 | C11: St. Lukes Place townhouse | D11: West Village | E11: 5500 | F11: General Contractor | G11: Barlis Wedlick | H11: Barlis Wedlick | I11: Residential | K11: https://www.streamlineusa.com/residential/st-lukes-place-townhouse/
B12: 4 | C12: Ketchy Shubby | D12: Soho | E12: 7500 | F12: General Contractor | G12: Dimitri Hyacinthe Interiors | H12: RIP Consulting Steve Salveson | I12: Commercial
A13: 517 | B13: 5 | C13: Hudson Street Penthouse | D13: Tribeca | E13: 3500 | F13: Millwork + Finishes | G13: Alex May | H13: 212Box Architecture | I13: Residential | K13: https://www.streamlineusa.com/residential/hudson-street-penthouse/
A14: 555 | B14: 5 | C14: Indeed Corporate Office Suite | D14: Midtown | E14: 36000 | F14: Carpentry + Millwork | G14: Indeed corporate | I14: Commercial | K14: https://www.streamlineusa.com/commercial/indeed-corporate-office-suite/
B15: 5 | C15: Momofuku noodle 171 1st ave | D15: East Side | E15: 4200 | F15: General Contractor | G15: Richard Lewis | H15: Richard Lewis | I15: Commercial | J15: Restaurant | K15: Need copy
A16: 561 | B16: 6 | C16: KITH | D16: NoHo | E16: 7500 | F16: General Contractor | G16: Snarkitecture | H16: Snarkitecture | I16: Commercial | J16: Retail | K16: https://www.streamlineusa.com/commercial/kith/
A17: 2842 | B17: 6 | C17: Riverside Drive Apartment | D17: Morningside Heights | E17: 2900 | F17: General Contractor | G17: Samantha Orley Interiors | H17: MZA Architecture | I17: Residential | K17: https://www.streamlineusa.com/residential/riverside-drive-apartment/
A18: 546 | B18: 7 | C18: Versa at the Marriott Renaissance | D18: Herald Square | E18: 18000 | F18: Construction Manager | G18: Celano Design | H18: SRAA architecture | I18: Commercial | K18: https://www.streamlineusa.com/commercial/versa-marriott/
A19: 2847 | B19: 7 | C19: WARREN ST APT | D19: Tribeca | E19: 2600 | F19: General Contractor | G19: Current Interiors | H19: Michael Tower Architecture | I19: Residential | K19: https://www.streamlineusa.com/residential/warren-st-apt/
A20: new photos coming | B20: 7 | C20: 40 e66th st | D20: Upper East Side | E20: 2200 | F20: General Contractor | G20: Cetra Ruddy | H20: Cetra Ruddy | I20: Residential | K20: Need pics and copy
A21: 491 | B21: 8 | C21: Kat & Theo | D21: Flatiron District | E21: 2300 | F21: General Contractor + Millwork | G21: Aviva Collective | H21: Claudia Pinto | I21: Commercial | K21: https://www.streamlineusa.com/commercial/kat-theo/
A22: 2504 | B22: 8 | C22: 12th st townhouse | D22: Greenwich Village | E22: 7000 | F22: Carpentry Millwork + Finishes | G22: Elisabeth de Kergorlay | H22: Jacobson Sonoba | I22: Residential | K22: https://www.streamlineusa.com/residential/12th-st-townhouse-greenwich-village/
A23: 509 | B23: 9 | C23: Burger & Lobster | D23: Bryant Park | E23: 8500 | F23: General Contractor + Millwork | G23: MZA Architecture | H23: Design LSM | I23: Commercial | J23: Restaurant | K23: https://www.streamlineusa.com/commercial/burger-lobster/
A24: 567 | B24: 9 | C24: Horatio St. Townhouse | D24: Meat Packing District | E24: 3200 | F24: General Contractor + Millwork | G24: Tersigni Palachek Design | H24: David Bae Architect | I24: Residential | K24: https://www.streamlineusa.com/residential/horatio-st-townhouse/
A25: 512 | B25: 10 | C25: Momofuku KO | D25: Bowery | E25: 4500 | F25: General Contractor | G25: Richard Lewis design | H25: Richard Lewis Architecture | I25: Commercial | J25: Restaurant | K25: https://www.streamlineusa.com/commercial/momofuku-ko/
A26: 1835 | B26: 10 | C26: Lexington Ave Townhouse | D26: Upper East Side | E26: 4500 | F26: General Contractor | G26: Salvatore LaRosa | H26: B5 Studio Architects | I26: Residential | K26: https://www.streamlineusa.com/residential/lexington-ave-townhouse/
A27: 537 | B27: 11 | C27: West 23rd St. Townhouse | D27: Chelsea | E27: 2200 | F27: General Contractor + Millwork | G27: Tersigni Palachek Design | H27: Tersigni Palachek Design | I27: Residential | K27: https://www.streamlineusa.com/residential/west-23rd-townhouse-2/
A28: 549 | B28: 11 | C28: Gunter-Seeger | D28: West Village | E28: 3300 | F28: General Contractor + Millwork | G28: AWI Interiors | H28: MZA Architecture | I28: Commercial | K28: https://www.streamlineusa.com/commercial/gunter-seeger/
A29: 2850 | B29: 12 | C29: Hudson Yards Mall | D29: Hudson Yards | E29: 3500 | F29: General Contractor | G29: Jack Mazzolla | I29: Commercial | K29: https://www.streamlineusa.com/commercial/hudson-yards-mall/
A30: 2860 | B30: 12 | C30: Wyckoff Townhouse | D30: Boerum Hill | E30: 4500 | F30: General Contractor | G30: Current Interiors | H30: Rachel Kane & Xandro Aventajado | I30: Residential | K30: https://www.streamlineusa.com/residential/wyckoff-townhouse/
A31: 443 | B31: 13 | C31: Mint Kitchen Restaurant | D31: West Village | E31: 4000 | F31: General Contractor | G31: Creme | H31: MZA Architecture | I31: Commercial | K31: https://www.streamlineusa.com/commercial/mint-kitchen-restaurant/
A32: 523 | B32: 13 | C32: Madison Ave Duplex | D32: Murray Hill | E32: 3400 | F32: General Contractor + Millwork | G32: Lynch Eisinger Design | H32: Christian Lynch | I32: Residential | K32: https://www.streamlineusa.com/residential/madison-ave-duplex-2/
A33: 494 | B33: 14 | C33: ViVVI Daycare Tribeca | D33: Tribeca | E33: 10000 | F33: General Contractor | G33: Eleven of Eleven architecture | H33: Carol Gretter | I33: Commercial | J33: Office (mixed use) | K33: https://www.streamlineusa.com/commercial/vivvi-daycare-tribeca/
A34: 520 | B34: 14 | C34: Tribeca Loft | D34: Tribeca | E34: 2500 | F34: Millwork + Finishes | G34: Bore | I34: Residential | K34: https://www.streamlineusa.com/residential/tribeca-loft/
A35: 540 | B35: 15 | C35: e63rd st Penthouse | D35: Lenox Hill | E35: 1700 | F35: General Contractor + Millwork | G35: Jennifer Aderholdt Design | H35: SWA Architecture | I35: Residential | K35: https://www.streamlineusa.com/residential/e63-st-penthouse/
A36: 2853 | B36: 15 | C36: Vivvi Daycare Hudson Yards | D36: Hudson Yards | E36: 7500 | F36: General Contractor | G36: Eleven of Eleven design | H36: Carol Gretter Elven of Eleven architecture | I36: Commercial | J36: Office (mixed use) | K36: https://www.streamlineusa.com/commercial/vivvi-daycare-hudson-yards/
A37: 2396 | B37: 16 | C37: 84th st townhouse | D37: Jackson Heights | E37: 2200 | F37: General Contractor | G37: Nathalie Akiya Design | H37: SWA Architecture | I37: Residential | K37: https://www.streamlineusa.com/residential/84th-st-townhouse/
A38: 2520 | B38: 16 | C38: Haus Nightclub | D38: Lower Manhattan | E38: 5500 | F38: General Contractor | G38: John Rawlins Design | H38: SWA Architecture | I38: Commercial | K38: https://www.streamlineusa.com/commercial/haus-nightclub/
A39: 1907 | B39: 17 | C39: Sullivan St duplex | D39: SOHO | E39: 6000 | F39: Millwork + Finishes | G39: Butter and Eggs Design | H39: Michael Tower Architecture | I39: Residential | K39: https://www.streamlineusa.com/residential/sullivan-st-duplex-2/
B40: 17 | C40: Mexicue | D40: NoHo | E40: 3500 | F40: General Contractor | G40: Treehouse Designs | H40: SWA Architecture | I40: Commercial
A41: 1931 | B41: 18 | C41: Mackage SoHo | D41: SoHo | E41: 4500 | F41: General Contractor | G41: Burdifilek | I41: Commercial | K41: https://www.streamlineusa.com/commercial/mackage-soho/
A42: 2409 | B42: 18 | C42: Upper West Side Apartment | D42: Upper West Side | E42: 1400 | F42: General Contractor | G42: Yael and Ori Morag | H42: MZA Architecture | I42: Residential | K42: https://www.streamlineusa.com/residential/upper-west-side-apartment/
A43: 2425 | B43: 19 | C43: My Darling Ivy | D43: Chelsea | E43: 1500 | F43: General Contractor | G43: VJ Moscaritola | H43: Studio Stigsby | I43: Commercial | K43: https://www.streamlineusa.com/commercial/my-darling-ivy/
A44: 2838 | B44: 19 | C44: 53rd st studio | D44: Hell's Kitchen | E44: 750 | F44: General Contractor | G44: LDN interiors | H44: Lynh Nguyen | I44: Residential | K44: https://www.streamlineusa.com/residential/53rd-st-studio/
A45: 534 | B45: 20 | C45: Thompson St. Studio | D45: SOHO | E45: 600 | F45: General Contractor + Millwork | G45: Efrain Perez | H45: SWA Architecture | I45: Residential | K45: https://www.streamlineusa.com/residential/thompson-st-studio/
A46: 564 | B46: 20 | C46: Washington Sq. Dermatology | D46: West Village | E46: 2500 | F46: General Contractor | G46: Samer Jaber | H46: Walter Scott Architecture | I46: Commercial | K46: https://www.streamlineusa.com/commercial/upper-east-side-townhouse/
A47: 503 | B47: 21 | C47: Free People Retail Store | D47: Meatpacking District | E47: 7000 | F47: Carpentry + Finishes | G47: David Levy Design | H47: David Levy Architecture | I47: Commercial | J47: Retail | K47: https://www.streamlineusa.com/commercial/free-people-retail-store/
A48: 527 | B48: 21 | C48: 1st Ave Apartment | D48: Murray Hill | E48: 2000 | F48: General Contractor + Millwork | G48: Lua Scremin | H48: SWA Architecture | I48: Residential | K48: https://www.streamlineusa.com/residential/1st-ave-apt/
A49: 2345 | B49: 22 | C49: Motel 23 Lounge | D49: Chelsea | E49: 3500 | F49: General Contractor | G49: Colin Fuda | H49: Atelier New York | I49: Commercial | K49: https://www.streamlineusa.com/commercial/motel-23-lounge/
A50: 2366 | B50: 22 | C50: Wainscott, East Hampton Residence | D50: Wainscott, East Hampton | E50: 3200 | F50: Construction Consultant | G50: Nathalie Akiya Design | I50: Residential | K50: https://www.streamlineusa.com/residential/wainscott-east-hampton-residence/
A51: 2384 | B51: 23 | C51: Ground Central Coffee Company | D51: Murray Hill | E51: 550 | F51: General Contractor | G51: Daniel O'Connor Architects | H51: Daniel O'Connor Architects | I51: Commercial | K51: https://www.streamlineusa.com/commercial/ground-central-coffee-company/
A52: 558 | B52: 24 | C52: Atrium Corporate Office | D52: NoHo | E52: 5000 | F52: General Contractor + Millwork | G52: Sam Ben avraham | H52: Bang 3 Design | I52: Commercial | K52: https://www.streamlineusa.com/commercial/autrium-corporate-office/
B53: bottom | C53: 262 Mott St | D53: Soho | E53: 1400 | F53: General Contractor | G53: Matthew Weiner | H53: - | I53: Residential | K53: need copy
B54: middle | C54: 92 Laight St | D54: Tribeca | E54: 2500 | F54: General Contractor | G54: Holly Jonsson Design | H54: - | I54: Residential | K54: Need Copy
B55: middle | C55: 652 Hudson st | D55: Meatpacking District | E55: 1800 | F55: General Contractor | G55: Built In Studios | H55: Built In Studios | I55: Residential | K55: Need pics and copy
C56: 870 UN Plaza
C57: 149 Madison Ave
C58: 220 w19th st Covision Corporate office
C59: 218 Carlton Ave Townhouse p
C60: 144 w23rd st
C61: 514 Broadway Loft
C62: Chaps & Co men's barber shop
A63: https://paper.design/docs/mcp

Sheet Copy of Current
A1: ID | B1: Order | C1: Title | D1: ID | E1: Location | F1: Size (Sq. Ft) | G1: Role | H1: Worksheet Role | I1: Designed By | J1: Worksheet Designed By | K1: Architecture by | L1: Worksheet Architecture | M1: Categories | N1: Permalink | O1: Image Featured | P1: Slug
A2: 439 | B2: 1 | C2: Boqueria Restaurant | D2: 439 | E2: Midtown | F2: 10500 | G2: General Contractor | H2: =VLOOKUP(A2, 'Old Worksheet'!B:H,7, false) -> #N/A | I2: Studio Razavi | J2: =VLOOKUP(A2, 'Old Worksheet'!B:I,8,false) -> #N/A | L2: =VLOOKUP(A2, 'Old Worksheet'!B:J,9,false) -> #N/A | M2: Commercial | N2: https://www.streamlineusa.com/commercial/boqueria-restaurant/ | O2: http://www.streamlineusa.com/wp-content/uploads/2019/12/Featured-1-scaled.jpg | P2: boqueria-restaurant
A3: 552 | B3: 1 | C3: Duane Street Penthouse | D3: 552 | E3: Tribeca | F3: 4000 | G3: General Contractor | H3: =VLOOKUP(A3, 'Old Worksheet'!B:H,7, false) -> #N/A | I3: Dean Winters and Diana Gomez | J3: =VLOOKUP(A3, 'Old Worksheet'!B:I,8,false) -> #N/A | K3: SWA Architecture | L3: =VLOOKUP(A3, 'Old Worksheet'!B:J,9,false) -> #N/A | M3: Residential | N3: https://www.streamlineusa.com/residential/duane-street-penthouse/ | O3: http://www.streamlineusa.com/wp-content/uploads/2019/12/20210310_129DuaneSt-3975-2-scaled.jpg | P3: duane-street-penthouse
A4: 436 | B4: 2 | C4: Sugarcane Raw Bar And Grill | D4: 436 | E4: Brooklyn | F4: 12500 | G4: General Contractor + Millwork | H4: =VLOOKUP(A4, 'Old Worksheet'!B:H,7, false) -> #N/A | I4: CetraRuddy Design | J4: =VLOOKUP(A4, 'Old Worksheet'!B:I,8,false) -> #N/A | K4: Lawrence Jones Architecture | L4: =VLOOKUP(A4, 'Old Worksheet'!B:J,9,false) -> #N/A | M4: Commercial | N4: https://www.streamlineusa.com/commercial/sugar-cane-raw-bar-and-grill/ | O4: http://www.streamlineusa.com/wp-content/uploads/2019/12/Sugarcane-Featured.jpg | P4: sugar-cane-raw-bar-and-grill
A5: 2306 | B5: 2 | C5: e64th St Townhouse | D5: 2306 | E5: Lenox Hill | F5: 3800 | G5: General Contractor | H5: =VLOOKUP(A5, 'Old Worksheet'!B:H,7, false) -> #N/A | I5: Virginia Tupker Interiors | J5: =VLOOKUP(A5, 'Old Worksheet'!B:I,8,false) -> #N/A | K5: MZA Architecture | L5: =VLOOKUP(A5, 'Old Worksheet'!B:J,9,false) -> #N/A | M5: Residential | N5: https://www.streamlineusa.com/residential/e64-st-townhouse/ | O5: http://www.streamlineusa.com/wp-content/uploads/2020/05/20200416_118East64th-3022.jpg | P5: e64-st-townhouse
A6: 433 | B6: 3 | C6: Grand Ole Opry City Stage | D6: 433 | E6: Times Square | F6: 22000 | G6: Construction Manager | H6: =VLOOKUP(A6, 'Old Worksheet'!B:H,7, false) -> #N/A | I6: SWA Architecture, Morris Nathanson Interior Design | J6: =VLOOKUP(A6, 'Old Worksheet'!B:I,8,false) -> #N/A | L6: =VLOOKUP(A6, 'Old Worksheet'!B:J,9,false) -> #N/A | M6: Commercial | N6: https://www.streamlineusa.com/commercial/grand-ole-opry-city-stage/ | O6: http://www.streamlineusa.com/wp-content/uploads/2019/12/OPRY1.jpg | P6: grand-ole-opry-city-stage
A7: 570 | B7: 3 | C7: 69th St Townhouse | D7: 570 | E7: Upper West Side | F7: 6000 | G7: General Contractor + Millwork | H7: =VLOOKUP(A7, 'Old Worksheet'!B:H,7, false) -> #N/A | I7: Fury Design | J7: =VLOOKUP(A7, 'Old Worksheet'!B:I,8,false) -> #N/A | L7: =VLOOKUP(A7, 'Old Worksheet'!B:J,9,false) -> #N/A | M7: Residential | N7: https://www.streamlineusa.com/residential/69th-st-townhouse/ | O7: http://www.streamlineusa.com/wp-content/uploads/2019/12/BlackHenselNYC_021-scaled.jpg | P7: 69th-st-townhouse
A8: 506 | B8: 4 | C8: Spring Studios, Spring Place | D8: 506 | E8: Tribeca | F8: 15000 | G8: General Contractor | H8: =VLOOKUP(A8, 'Old Worksheet'!B:H,7, false) -> #N/A | I8: Bluarch Architecture and Design | J8: =VLOOKUP(A8, 'Old Worksheet'!B:I,8,false) -> #N/A | L8: =VLOOKUP(A8, 'Old Worksheet'!B:J,9,false) -> #N/A | M8: Commercial | N8: https://www.streamlineusa.com/commercial/spring-studios-spring-place/ | O8: http://www.streamlineusa.com/wp-content/uploads/2019/12/SP2020_3.png | P8: spring-studios-spring-place
A9: 531 | B9: 4 | C9: St. Lukes Place townhouse | D9: 531 | E9: West Village | F9: 5500 | G9: General Contractor | H9: =VLOOKUP(A9, 'Old Worksheet'!B:H,7, false) -> General Contractor | I9: Barlis Wedlick | J9: =VLOOKUP(A9, 'Old Worksheet'!B:I,8,false) -> Barlis Wedlick | K9: Barlis Wedlick | L9: =VLOOKUP(A9, 'Old Worksheet'!B:J,9,false) -> Barlis Wedlick | M9: Residential | N9: https://www.streamlineusa.com/residential/st-lukes-place-townhouse/ | O9: http://www.streamlineusa.com/wp-content/uploads/2019/12/1-1.jpg | P9: st-lukes-place-townhouse
A10: 517 | B10: 5 | C10: Hudson Street Penthouse | D10: 517 | E10: Tribeca | F10: 3500 | G10: Millwork + Finishes | H10: =VLOOKUP(A10, 'Old Worksheet'!B:H,7, false) -> #N/A | I10: Alex may | J10: =VLOOKUP(A10, 'Old Worksheet'!B:I,8,false) -> #N/A | L10: =VLOOKUP(A10, 'Old Worksheet'!B:J,9,false) -> #N/A | M10: Residential | N10: https://www.streamlineusa.com/residential/hudson-street-penthouse/ | O10: http://www.streamlineusa.com/wp-content/uploads/2019/12/Hudson-Featured-1.jpg | P10: hudson-street-penthouse
A11: 555 | B11: 5 | C11: Indeed Corporate Office Suite | D11: 555 | E11: Midtown | F11: 36000 | G11: Carpentry + Millwork | H11: =VLOOKUP(A11, 'Old Worksheet'!B:H,7, false) -> #N/A | I11: Indeed corporate | J11: =VLOOKUP(A11, 'Old Worksheet'!B:I,8,false) -> #N/A | L11: =VLOOKUP(A11, 'Old Worksheet'!B:J,9,false) -> #N/A | M11: Commercial | N11: https://www.streamlineusa.com/commercial/indeed-corporate-office-suite/ | O11: http://www.streamlineusa.com/wp-content/uploads/2019/12/Indeed-Updated-Featured.jpg | P11: indeed-corporate-office-suite
A12: 561 | B12: 6 | C12: KITH | D12: 561 | E12: NoHo | F12: 7500 | G12: General Contractor | H12: =VLOOKUP(A12, 'Old Worksheet'!B:H,7, false) -> #N/A | I12: Snarkitecture | J12: =VLOOKUP(A12, 'Old Worksheet'!B:I,8,false) -> #N/A | L12: =VLOOKUP(A12, 'Old Worksheet'!B:J,9,false) -> #N/A | M12: Commercial | N12: https://www.streamlineusa.com/commercial/kith/ | O12: http://www.streamlineusa.com/wp-content/uploads/2019/12/StreamlineUSA-RET-Kith-03-4.37x3.4.jpg | P12: kith
A13: 2842 | B13: 6 | C13: Riverside Drive Apartment | D13: 2842 | E13: Morningside Heights | F13: 2900 | G13: General Contractor | H13: =VLOOKUP(A13, 'Old Worksheet'!B:H,7, false) -> #N/A | I13: Samantha Orley Interiors | J13: =VLOOKUP(A13, 'Old Worksheet'!B:I,8,false) -> #N/A | K13: MZA Architecture | L13: =VLOOKUP(A13, 'Old Worksheet'!B:J,9,false) -> #N/A | M13: Residential | N13: https://www.streamlineusa.com/residential/riverside-drive-apartment/ | O13: http://www.streamlineusa.com/wp-content/uploads/2022/02/420-riverside-134.jpg | P13: riverside-drive-apartment
A14: 546 | B14: 7 | C14: Versa at the Marriott Renaissance | D14: 546 | E14: Herald Square | F14: 18000 | G14: Construction Manager | H14: =VLOOKUP(A14, 'Old Worksheet'!B:H,7, false) -> #N/A | I14: Celano Design | J14: =VLOOKUP(A14, 'Old Worksheet'!B:I,8,false) -> #N/A | L14: =VLOOKUP(A14, 'Old Worksheet'!B:J,9,false) -> #N/A | M14: Commercial | N14: https://www.streamlineusa.com/commercial/versa-marriott/ | O14: http://www.streamlineusa.com/wp-content/uploads/2019/12/Versa-3.jpg | P14: versa-marriott
A15: 2847 | B15: 7 | C15: WARREN ST APT | D15: 2847 | E15: Tribeca | F15: 2600 | G15: General Contractor | H15: =VLOOKUP(A15, 'Old Worksheet'!B:H,7, false) -> #N/A | I15: Current Interiors | J15: =VLOOKUP(A15, 'Old Worksheet'!B:I,8,false) -> #N/A | K15: Michael Tower Architecture | L15: =VLOOKUP(A15, 'Old Worksheet'!B:J,9,false) -> #N/A | M15: Residential | N15: https://www.streamlineusa.com/residential/warren-st-apt/ | O15: http://www.streamlineusa.com/wp-content/uploads/2022/02/20210222_30WarrenSt-0178.jpg | P15: warren-st-apt
A16: 491 | B16: 8 | C16: Kat & Theo | D16: 491 | E16: Flatiron District | F16: 2300 | G16: General Contractor + Millwork | H16: =VLOOKUP(A16, 'Old Worksheet'!B:H,7, false) -> #N/A | I16: Aviva Collective | J16: =VLOOKUP(A16, 'Old Worksheet'!B:I,8,false) -> #N/A | L16: =VLOOKUP(A16, 'Old Worksheet'!B:J,9,false) -> #N/A | M16: Commercial | N16: https://www.streamlineusa.com/commercial/kat-theo/ | O16: http://www.streamlineusa.com/wp-content/uploads/2019/12/Screen-Shot-2016-03-02-at-1.48.15-PM.jpg | P16: kat-theo
A17: 2504 | B17: 8 | C17: 12th st townhouse | D17: 2504 | E17: Greenwich Village | F17: 7000 | G17: Carpentry Millwork + Finishes | H17: =VLOOKUP(A17, 'Old Worksheet'!B:H,7, false) -> #N/A | I17: Elisabeth de Kergorlay | J17: =VLOOKUP(A17, 'Old Worksheet'!B:I,8,false) -> #N/A | L17: =VLOOKUP(A17, 'Old Worksheet'!B:J,9,false) -> #N/A | M17: Residential | N17: https://www.streamlineusa.com/residential/12th-st-townhouse-greenwich-village/ | O17: http://www.streamlineusa.com/wp-content/uploads/2020/07/5th-Ave-Featured-copy.jpg | P17: 12th-st-townhouse-greenwich-village
A18: 509 | B18: 9 | C18: Burger & Lobster | D18: 509 | E18: Bryant Park | F18: 8500 | G18: General Contractor + Millwork | H18: =VLOOKUP(A18, 'Old Worksheet'!B:H,7, false) -> #N/A | I18: MZA Architecture | J18: =VLOOKUP(A18, 'Old Worksheet'!B:I,8,false) -> #N/A | L18: =VLOOKUP(A18, 'Old Worksheet'!B:J,9,false) -> #N/A | M18: Commercial | N18: https://www.streamlineusa.com/commercial/burger-lobster/ | O18: http://www.streamlineusa.com/wp-content/uploads/2019/12/BURGERLOBSTER3.jpg | P18: burger-lobster
A19: 567 | B19: 9 | C19: Horatio St. Townhouse | D19: 567 | E19: Meat Packing District | F19: 3200 | G19: General Contractor + Millwork | H19: =VLOOKUP(A19, 'Old Worksheet'!B:H,7, false) -> General Contractor + Millwork | I19: Tersigni Palachek Design | J19: =VLOOKUP(A19, 'Old Worksheet'!B:I,8,false) -> Tersigni Palachek Design | K19: David Bae Architect | L19: =VLOOKUP(A19, 'Old Worksheet'!B:J,9,false) -> David Bae Architect | M19: Residential | N19: https://www.streamlineusa.com/residential/horatio-st-townhouse/ | O19: http://www.streamlineusa.com/wp-content/uploads/2019/12/tersigni-palachek-residential-west-village-02.png | P19: horatio-st-townhouse
A20: 512 | B20: 10 | C20: Momofuku KO | D20: 512 | E20: Bowery | F20: 4500 | G20: General Contractor | H20: =VLOOKUP(A20, 'Old Worksheet'!B:H,7, false) -> #N/A | I20: Richard Lewis Architecture | J20: =VLOOKUP(A20, 'Old Worksheet'!B:I,8,false) -> #N/A | L20: =VLOOKUP(A20, 'Old Worksheet'!B:J,9,false) -> #N/A | M20: Commercial | N20: https://www.streamlineusa.com/commercial/momofuku-ko/ | O20: http://www.streamlineusa.com/wp-content/uploads/2019/12/Momofuku-Featured.jpg | P20: momofuku-ko
A21: 1835 | B21: 10 | C21: Lexington Ave Townhouse | D21: 1835 | E21: Upper East Side | F21: 4500 | G21: General Contractor | H21: =VLOOKUP(A21, 'Old Worksheet'!B:H,7, false) -> #N/A | I21: Salvatore LaRosa | J21: =VLOOKUP(A21, 'Old Worksheet'!B:I,8,false) -> #N/A | K21: B5 Studio Architects | L21: =VLOOKUP(A21, 'Old Worksheet'!B:J,9,false) -> #N/A | M21: Residential | N21: https://www.streamlineusa.com/residential/lexington-ave-townhouse/ | O21: http://www.streamlineusa.com/wp-content/uploads/2020/02/UES-8-e1595540404244.jpg | P21: lexington-ave-townhouse
A22: 537 | B22: 11 | C22: West 23rd St. Townhouse | D22: 537 | E22: Chelsea | F22: 2200 | G22: General Contractor + Millwork | H22: =VLOOKUP(A22, 'Old Worksheet'!B:H,7, false) -> #N/A | I22: Tersigni Palachek Design | J22: =VLOOKUP(A22, 'Old Worksheet'!B:I,8,false) -> #N/A | K22: Tersigni Palachek Design | L22: =VLOOKUP(A22, 'Old Worksheet'!B:J,9,false) -> #N/A | M22: Residential | N22: https://www.streamlineusa.com/residential/west-23rd-townhouse-2/ | O22: http://www.streamlineusa.com/wp-content/uploads/2019/12/W23-Featured.jpg.png | P22: west-23rd-townhouse-2
A23: 549 | B23: 11 | C23: Gunter-Seeger | D23: 549 | E23: West Village | F23: 3300 | G23: General Contractor + Millwork | H23: =VLOOKUP(A23, 'Old Worksheet'!B:H,7, false) -> General Contractor + Millwork | I23: AWI Interiors | J23: =VLOOKUP(A23, 'Old Worksheet'!B:I,8,false) -> AWI Interiors | L23: =VLOOKUP(A23, 'Old Worksheet'!B:J,9,false) | M23: Commercial | N23: https://www.streamlineusa.com/commercial/gunter-seeger/ | O23: http://www.streamlineusa.com/wp-content/uploads/2019/12/Gunter-3.jpg | P23: gunter-seeger
A24: 2850 | B24: 12 | C24: Hudson Yards Mall | D24: 2850 | E24: Hudson Yards | F24: 3500 | G24: General Contractor | H24: =VLOOKUP(A24, 'Old Worksheet'!B:H,7, false) -> #N/A | I24: Robert Jaimeson design | J24: =VLOOKUP(A24, 'Old Worksheet'!B:I,8,false) -> #N/A | L24: =VLOOKUP(A24, 'Old Worksheet'!B:J,9,false) -> #N/A | M24: Commercial | N24: https://www.streamlineusa.com/commercial/hudson-yards-mall/ | O24: http://www.streamlineusa.com/wp-content/uploads/2022/02/20210222_HudsonYardsMall-0087-scaled.jpg | P24: hudson-yards-mall
A25: 2860 | B25: 12 | C25: Wyckoff Townhouse | D25: 2860 | E25: Boerum Hill | F25: 4500 | G25: General Contractor | H25: =VLOOKUP(A25, 'Old Worksheet'!B:H,7, false) -> #N/A | I25: Current Interiors, Rachel Kane, and Xandro Aventajado | J25: =VLOOKUP(A25, 'Old Worksheet'!B:I,8,false) -> #N/A | L25: =VLOOKUP(A25, 'Old Worksheet'!B:J,9,false) -> #N/A | M25: Residential | N25: https://www.streamlineusa.com/residential/wyckoff-townhouse/ | O25: http://www.streamlineusa.com/wp-content/uploads/2022/02/20211202_118WyckoffSt-0964-scaled.jpg | P25: wyckoff-townhouse
A26: 443 | B26: 13 | C26: Mint Kitchen Restaurant | D26: 443 | E26: West Village | F26: 4000 | G26: General Contractor | H26: =VLOOKUP(A26, 'Old Worksheet'!B:H,7, false) -> #N/A | I26: Creme | J26: =VLOOKUP(A26, 'Old Worksheet'!B:I,8,false) -> #N/A | K26: MZA Architecture | L26: =VLOOKUP(A26, 'Old Worksheet'!B:J,9,false) -> #N/A | M26: Commercial | N26: https://www.streamlineusa.com/commercial/mint-kitchen-restaurant/ | O26: http://www.streamlineusa.com/wp-content/uploads/2019/12/Creme_Mint-Kitchen_HR-11-scaled.jpg | P26: mint-kitchen-restaurant
A27: 523 | B27: 13 | C27: Madison Ave Duplex | D27: 523 | E27: Murray Hill | F27: 3400 | G27: General Contractor + Millwork | H27: =VLOOKUP(A27, 'Old Worksheet'!B:H,7, false) -> #N/A | I27: Lynch Eisinger Design | J27: =VLOOKUP(A27, 'Old Worksheet'!B:I,8,false) -> #N/A | L27: =VLOOKUP(A27, 'Old Worksheet'!B:J,9,false) -> #N/A | M27: Residential | N27: https://www.streamlineusa.com/residential/madison-ave-duplex-2/ | O27: http://www.streamlineusa.com/wp-content/uploads/2019/12/SL-_-Residential-_-215-Madision-_-Residence-3.425x3.jpg | P27: madison-ave-duplex-2
A28: 494 | B28: 14 | C28: ViVVI Daycare Tribeca | D28: 494 | E28: Tribeca | F28: 10000 | G28: General Contractor | H28: =VLOOKUP(A28, 'Old Worksheet'!B:H,7, false) -> General Contractor | I28: eleven of eleven architecture | J28: =VLOOKUP(A28, 'Old Worksheet'!B:I,8,false) -> eleven of eleven architecture | L28: =VLOOKUP(A28, 'Old Worksheet'!B:J,9,false) | M28: Commercial | N28: https://www.streamlineusa.com/commercial/vivvi-daycare-tribeca/ | O28: http://www.streamlineusa.com/wp-content/uploads/2019/12/11OF11-VIVVI-F.OUDEMAN11-scaled.jpg | P28: vivvi-daycare-tribeca
A29: 520 | B29: 14 | C29: Tribeca Loft | D29: 520 | E29: Tribeca | F29: 2500 | G29: Millwork + Finishes | H29: =VLOOKUP(A29, 'Old Worksheet'!B:H,7, false) -> #N/A | I29: Bore | J29: =VLOOKUP(A29, 'Old Worksheet'!B:I,8,false) -> #N/A | L29: =VLOOKUP(A29, 'Old Worksheet'!B:J,9,false) -> #N/A | M29: Residential | N29: https://www.streamlineusa.com/residential/tribeca-loft/ | O29: http://www.streamlineusa.com/wp-content/uploads/2019/12/Tribeca-Loft-Featured-scaled.jpg | P29: tribeca-loft
A30: 540 | B30: 15 | C30: e63rd st Penthouse | D30: 540 | E30: Lenox Hill | F30: 1700 | G30: General Contractor + Millwork | H30: =VLOOKUP(A30, 'Old Worksheet'!B:H,7, false) -> #N/A | I30: Jennifer Aderholdt Design | J30: =VLOOKUP(A30, 'Old Worksheet'!B:I,8,false) -> #N/A | K30: SWA Architecture | L30: =VLOOKUP(A30, 'Old Worksheet'!B:J,9,false) -> #N/A | M30: Residential | N30: https://www.streamlineusa.com/residential/e63-st-penthouse/ | O30: http://www.streamlineusa.com/wp-content/uploads/2019/12/Upper-East-Side-Penthouse-Featured.jpg | P30: e63-st-penthouse
A31: 2853 | B31: 15 | C31: Vivvi Daycare Hudson Yards | D31: 2853 | E31: Hudson Yards | F31: 7500 | G31: General Contractor | H31: =VLOOKUP(A31, 'Old Worksheet'!B:H,7, false) -> General Contractor | I31: Eleven of Eleven design | J31: =VLOOKUP(A31, 'Old Worksheet'!B:I,8,false) -> Eleven of Eleven design | K31: Carol Gretter Elven of Eleven architecture | L31: =VLOOKUP(A31, 'Old Worksheet'!B:J,9,false) -> Carol Gretter Elven of Eleven architecture | M31: Commercial | N31: https://www.streamlineusa.com/commercial/vivvi-daycare-hudson-yards/ | O31: http://www.streamlineusa.com/wp-content/uploads/2022/02/20210219_55HudsonYards-5373-scaled.jpg | P31: vivvi-daycare-hudson-yards
A32: 2396 | B32: 16 | C32: 84th st townhouse | D32: 2396 | E32: Jackson Heights | F32: 2200 | G32: General Contractor | H32: =VLOOKUP(A32, 'Old Worksheet'!B:H,7, false) -> #N/A | I32: Nathalie Akiya Design | J32: =VLOOKUP(A32, 'Old Worksheet'!B:I,8,false) -> #N/A | K32: SWA Architecture | L32: =VLOOKUP(A32, 'Old Worksheet'!B:J,9,false) -> #N/A | M32: Residential | N32: https://www.streamlineusa.com/residential/84th-st-townhouse/ | O32: http://www.streamlineusa.com/wp-content/uploads/2020/05/Jackson-Heights-Featured.png | P32: 84th-st-townhouse
A33: 2520 | B33: 16 | C33: Haus Nightclub | D33: 2520 | E33: Lower Manhattan | F33: 5500 | G33: General Contractor | H33: =VLOOKUP(A33, 'Old Worksheet'!B:H,7, false) -> #N/A | I33: John Rawlins Design | J33: =VLOOKUP(A33, 'Old Worksheet'!B:I,8,false) -> #N/A | K33: SWA Architecture | L33: =VLOOKUP(A33, 'Old Worksheet'!B:J,9,false) -> #N/A | M33: Commercial | N33: https://www.streamlineusa.com/commercial/haus-nightclub/ | O33: http://www.streamlineusa.com/wp-content/uploads/2020/07/Haus-Featured.jpg | P33: haus-nightclub
A34: 1907 | B34: 17 | C34: Sullivan St duplex | D34: 1907 | E34: SOHO | F34: 6000 | G34: Millwork + Finishes | H34: =VLOOKUP(A34, 'Old Worksheet'!B:H,7, false) -> #N/A | I34: Butter and Eggs Design | J34: =VLOOKUP(A34, 'Old Worksheet'!B:I,8,false) -> #N/A | K34: Michael Tower Architecture | L34: =VLOOKUP(A34, 'Old Worksheet'!B:J,9,false) -> #N/A | M34: Residential | N34: https://www.streamlineusa.com/residential/sullivan-st-duplex-2/ | O34: http://www.streamlineusa.com/wp-content/uploads/2020/02/DSC_0847-scaled.jpg | P34: sullivan-st-duplex-2
A35: 1931 | B35: 18 | C35: Mackage SoHo | D35: 1931 | E35: SoHo | F35: 4500 | G35: General Contractor | H35: =VLOOKUP(A35, 'Old Worksheet'!B:H,7, false) -> #N/A | I35: Burdifilek | J35: =VLOOKUP(A35, 'Old Worksheet'!B:I,8,false) -> #N/A | L35: =VLOOKUP(A35, 'Old Worksheet'!B:J,9,false) -> #N/A | M35: Commercial | N35: https://www.streamlineusa.com/commercial/mackage-soho/ | O35: http://www.streamlineusa.com/wp-content/uploads/2020/02/IMG_8648-scaled.jpg | P35: mackage-soho
A36: 2409 | B36: 18 | C36: Upper West Side Apartment | D36: 2409 | E36: Upper West Side | F36: 1400 | G36: General Contractor | H36: =VLOOKUP(A36, 'Old Worksheet'!B:H,7, false) -> #N/A | I36: Yael and Ori Morag | J36: =VLOOKUP(A36, 'Old Worksheet'!B:I,8,false) -> #N/A | K36: MZA Architecture | L36: =VLOOKUP(A36, 'Old Worksheet'!B:J,9,false) -> #N/A | M36: Residential | N36: https://www.streamlineusa.com/residential/upper-west-side-apartment/ | O36: http://www.streamlineusa.com/wp-content/uploads/2020/05/Upper-West-Side-Apt-Featured.jpg | P36: upper-west-side-apartment
A37: 2425 | B37: 19 | C37: My Darling Ivy | D37: 2425 | E37: Chelsea | F37: 1500 | G37: General Contractor | H37: =VLOOKUP(A37, 'Old Worksheet'!B:H,7, false) -> #N/A | I37: VJ Moscaritola | J37: =VLOOKUP(A37, 'Old Worksheet'!B:I,8,false) -> #N/A | K37: Studio Stigsby | L37: =VLOOKUP(A37, 'Old Worksheet'!B:J,9,false) -> #N/A | M37: Commercial | N37: https://www.streamlineusa.com/commercial/my-darling-ivy/ | O37: http://www.streamlineusa.com/wp-content/uploads/2020/05/My-Darling-Ivy-Featured.jpg | P37: my-darling-ivy
A38: 2838 | B38: 19 | C38: 53rd st studio | D38: 2838 | E38: Hell's Kitchen | F38: 750 | G38: General Contractor | H38: =VLOOKUP(A38, 'Old Worksheet'!B:H,7, false) -> #N/A | I38: LDN interiors | J38: =VLOOKUP(A38, 'Old Worksheet'!B:I,8,false) -> #N/A | L38: =VLOOKUP(A38, 'Old Worksheet'!B:J,9,false) -> #N/A | M38: Residential | N38: https://www.streamlineusa.com/residential/53rd-st-studio/ | O38: http://www.streamlineusa.com/wp-content/uploads/2022/02/20210310_425West53rdSt-3669.jpg | P38: 53rd-st-studio
A39: 534 | B39: 20 | C39: Thompson St. Studio | D39: 534 | E39: SOHO | F39: 600 | G39: General Contractor + Millwork | H39: =VLOOKUP(A39, 'Old Worksheet'!B:H,7, false) -> #N/A | I39: SWA Architecture | J39: =VLOOKUP(A39, 'Old Worksheet'!B:I,8,false) -> #N/A | L39: =VLOOKUP(A39, 'Old Worksheet'!B:J,9,false) -> #N/A | M39: Residential | N39: https://www.streamlineusa.com/residential/thompson-st-studio/ | O39: http://www.streamlineusa.com/wp-content/uploads/2019/12/THOMPSON_STUDIO-Featured-scaled.jpg | P39: thompson-st-studio
A40: 564 | B40: 20 | C40: Washington Sq. Dermatology | D40: 564 | E40: West Village | F40: 2500 | G40: General Contractor | H40: =VLOOKUP(A40, 'Old Worksheet'!B:H,7, false) -> #N/A | I40: Dr. Samer Jaber | J40: =VLOOKUP(A40, 'Old Worksheet'!B:I,8,false) -> #N/A | L40: =VLOOKUP(A40, 'Old Worksheet'!B:J,9,false) -> #N/A | M40: Commercial | N40: https://www.streamlineusa.com/commercial/upper-east-side-townhouse/ | O40: http://www.streamlineusa.com/wp-content/uploads/2019/12/wash.jpg | P40: upper-east-side-townhouse
A41: 503 | B41: 21 | C41: Free People Retail Store | D41: 503 | E41: Meatpacking District | F41: 7000 | G41: Carpentry + Finishes | H41: =VLOOKUP(A41, 'Old Worksheet'!B:H,7, false) -> #N/A | I41: David Levy Architecture | J41: =VLOOKUP(A41, 'Old Worksheet'!B:I,8,false) -> #N/A | L41: =VLOOKUP(A41, 'Old Worksheet'!B:J,9,false) -> #N/A | M41: Commercial | N41: https://www.streamlineusa.com/commercial/free-people-retail-store/ | O41: http://www.streamlineusa.com/wp-content/uploads/2019/12/Free-People-Updated-Featured.jpg | P41: free-people-retail-store
A42: 527 | B42: 21 | C42: 1st Ave Apartment | D42: 527 | E42: Murray Hill | F42: 2000 | G42: General Contractor + Millwork | H42: =VLOOKUP(A42, 'Old Worksheet'!B:H,7, false) -> #N/A | I42: SWA Architecture | J42: =VLOOKUP(A42, 'Old Worksheet'!B:I,8,false) -> #N/A | K42: SWA Architecture | L42: =VLOOKUP(A42, 'Old Worksheet'!B:J,9,false) -> #N/A | M42: Residential | N42: https://www.streamlineusa.com/residential/1st-ave-apt/ | O42: http://www.streamlineusa.com/wp-content/uploads/2019/12/Murray-Hill-Featured.jpg | P42: 1st-ave-apt
A43: 2345 | B43: 22 | C43: Motel 23 Lounge | D43: 2345 | E43: Chelsea | F43: 3500 | G43: General Contractor | H43: =VLOOKUP(A43, 'Old Worksheet'!B:H,7, false) -> #N/A | I43: Colin Fuda | J43: =VLOOKUP(A43, 'Old Worksheet'!B:I,8,false) -> #N/A | K43: Atelier New York | L43: =VLOOKUP(A43, 'Old Worksheet'!B:J,9,false) -> #N/A | M43: Commercial | N43: https://www.streamlineusa.com/commercial/motel-23-lounge/ | O43: http://www.streamlineusa.com/wp-content/uploads/2020/05/Motel-23-Featured.jpg | P43: motel-23-lounge
A44: 2366 | B44: 22 | C44: Wainscott, East Hampton Residence | D44: 2366 | E44: Wainscott, East Hampton | F44: 3200 | G44: Construction Consultant | H44: =VLOOKUP(A44, 'Old Worksheet'!B:H,7, false) -> #N/A | I44: Nathalie Akiya Design | J44: =VLOOKUP(A44, 'Old Worksheet'!B:I,8,false) -> #N/A | L44: =VLOOKUP(A44, 'Old Worksheet'!B:J,9,false) -> #N/A | M44: Residential | N44: https://www.streamlineusa.com/residential/wainscott-east-hampton-residence/ | O44: http://www.streamlineusa.com/wp-content/uploads/2020/05/IMG_1256.png | P44: wainscott-east-hampton-residence
A45: 2384 | B45: 23 | C45: Ground Central Coffee Company | D45: 2384 | E45: Murray Hill | F45: 550 | G45: General Contractor | H45: =VLOOKUP(A45, 'Old Worksheet'!B:H,7, false) -> #N/A | I45: Daniel O'Connor Architects | J45: =VLOOKUP(A45, 'Old Worksheet'!B:I,8,false) -> #N/A | K45: Daniel O'Connor Architects | L45: =VLOOKUP(A45, 'Old Worksheet'!B:J,9,false) -> #N/A | M45: Commercial | N45: https://www.streamlineusa.com/commercial/ground-central-coffee-company/ | O45: http://www.streamlineusa.com/wp-content/uploads/2020/05/Ground-Central-Featured.jpg | P45: ground-central-coffee-company
A46: 558 | B46: 24 | C46: Atrium Corporate Office | D46: 558 | E46: NoHo | F46: 5000 | G46: General Contractor + Millwork | H46: =VLOOKUP(A46, 'Old Worksheet'!B:H,7, false) -> #N/A | I46: Sam Ben avraham | J46: =VLOOKUP(A46, 'Old Worksheet'!B:I,8,false) -> #N/A | K46: Bang 3 Design | L46: =VLOOKUP(A46, 'Old Worksheet'!B:J,9,false) -> #N/A | M46: Commercial | N46: https://www.streamlineusa.com/commercial/autrium-corporate-office/ | O46: http://www.streamlineusa.com/wp-content/uploads/2019/12/Streamline-USA-Atrium-5.65x4.11.jpg | P46: autrium-corporate-office
C47: Mexicue | D47: 3500 | E47: NoHo | F47: 3500 | G47: General Contractor | H47: =VLOOKUP(A47, 'Old Worksheet'!B:H,7, false) -> #N/A | I47: Treehouse Designs | J47: =VLOOKUP(A47, 'Old Worksheet'!B:I,8,false) -> #N/A | K47: SWA Architecture | L47: =VLOOKUP(A47, 'Old Worksheet'!B:J,9,false) -> #N/A | M47: Commercial | N47: https://www.staging8.streamlineusa.com/commercial/mexicue/ | O47: https://www.staging8.streamlineusa.com/wp-content/uploads/2019/12/MEX1.jpg | P47: mexicue

Sheet Upload
A1: ID | B1: Order | C1: Title | D1: Location | E1: Size (Sq. Ft) | F1: Role | G1: Designed By | H1: Architecture by | I1: Categories | J1: Permalink | K1: Image Featured | L1: Slug
A2: 433 | B2: 3 | C2: Grand Ole Opry City Stage | D2: Times Square | E2: 22000 | F2: Construction Manager | G2: SWA Architecture, Morris Nathanson Interior Design | I2: Commercial | J2: https://www.streamlineusa.com/commercial/grand-ole-opry-city-stage/ | K2: http://www.streamlineusa.com/wp-content/uploads/2019/12/OPRY1.jpg | L2: grand-ole-opry-city-stage
A3: 436 | B3: 2 | C3: Sugarcane Raw Bar And Grill | D3: Brooklyn | E3: 12500 | F3: General Contractor + Millwork | G3: CetraRuddy Design | H3: Lawrence Jones Architecture | I3: Commercial | J3: https://www.streamlineusa.com/commercial/sugar-cane-raw-bar-and-grill/ | K3: http://www.streamlineusa.com/wp-content/uploads/2019/12/Sugarcane-Featured.jpg | L3: sugar-cane-raw-bar-and-grill
A4: 439 | B4: 1 | C4: Boqueria Restaurant | D4: Midtown | E4: 10500 | F4: General Contractor | G4: Studio Razavi | I4: Commercial | J4: https://www.streamlineusa.com/commercial/boqueria-restaurant/ | K4: http://www.streamlineusa.com/wp-content/uploads/2019/12/Featured-1-scaled.jpg | L4: boqueria-restaurant
A5: 443 | B5: 13 | C5: Mint Kitchen Restaurant | D5: West Village | E5: 4000 | F5: General Contractor | G5: Creme | H5: MZA Architecture | I5: Commercial | J5: https://www.streamlineusa.com/commercial/mint-kitchen-restaurant/ | K5: http://www.streamlineusa.com/wp-content/uploads/2019/12/Creme_Mint-Kitchen_HR-11-scaled.jpg | L5: mint-kitchen-restaurant
A6: 491 | B6: 8 | C6: Kat & Theo | D6: Flatiron District | E6: 2300 | F6: General Contractor + Millwork | G6: Aviva Collective | I6: Commercial | J6: https://www.streamlineusa.com/commercial/kat-theo/ | K6: http://www.streamlineusa.com/wp-content/uploads/2019/12/Screen-Shot-2016-03-02-at-1.48.15-PM.jpg | L6: kat-theo
A7: 494 | B7: 14 | C7: ViVVI Daycare Tribeca | D7: Tribeca | E7: 10000 | F7: General Contractor | G7: eleven of eleven architecture | I7: Commercial | J7: https://www.streamlineusa.com/commercial/vivvi-daycare-tribeca/ | K7: http://www.streamlineusa.com/wp-content/uploads/2019/12/11OF11-VIVVI-F.OUDEMAN11-scaled.jpg | L7: vivvi-daycare-tribeca
A8: 503 | B8: 21 | C8: Free People Retail Store | D8: Meatpacking District | E8: 7000 | F8: Carpentry + Finishes | G8: David Levy Architecture | I8: Commercial | J8: https://www.streamlineusa.com/commercial/free-people-retail-store/ | K8: http://www.streamlineusa.com/wp-content/uploads/2019/12/Free-People-Updated-Featured.jpg | L8: free-people-retail-store
A9: 506 | B9: 4 | C9: Spring Studios, Spring Place | D9: Tribeca | E9: 15000 | F9: General Contractor | G9: Bluarch Architecture and Design | I9: Commercial | J9: https://www.streamlineusa.com/commercial/spring-studios-spring-place/ | K9: http://www.streamlineusa.com/wp-content/uploads/2019/12/SP2020_3.png | L9: spring-studios-spring-place
A10: 509 | B10: 9 | C10: Burger & Lobster | D10: Bryant Park | E10: 8500 | F10: General Contractor + Millwork | G10: MZA Architecture | I10: Commercial | J10: https://www.streamlineusa.com/commercial/burger-lobster/ | K10: http://www.streamlineusa.com/wp-content/uploads/2019/12/BURGERLOBSTER3.jpg | L10: burger-lobster
A11: 512 | B11: 10 | C11: Momofuku KO | D11: Bowery | E11: 4500 | F11: General Contractor | G11: Richard Lewis Architecture | I11: Commercial | J11: https://www.streamlineusa.com/commercial/momofuku-ko/ | K11: http://www.streamlineusa.com/wp-content/uploads/2019/12/Momofuku-Featured.jpg | L11: momofuku-ko
A12: 517 | B12: 5 | C12: Hudson Street Penthouse | D12: Tribeca | E12: 3500 | F12: Millwork + Finishes | G12: Alex may | I12: Residential | J12: https://www.streamlineusa.com/residential/hudson-street-penthouse/ | K12: http://www.streamlineusa.com/wp-content/uploads/2019/12/Hudson-Featured-1.jpg | L12: hudson-street-penthouse
A13: 520 | B13: 14 | C13: Tribeca Loft | D13: Tribeca | E13: 2500 | F13: Millwork + Finishes | G13: Bore | I13: Residential | J13: https://www.streamlineusa.com/residential/tribeca-loft/ | K13: http://www.streamlineusa.com/wp-content/uploads/2019/12/Tribeca-Loft-Featured-scaled.jpg | L13: tribeca-loft
A14: 523 | B14: 13 | C14: Madison Ave Duplex | D14: Murray Hill | E14: 3400 | F14: General Contractor + Millwork | G14: Lynch Eisinger Design | I14: Residential | J14: https://www.streamlineusa.com/residential/madison-ave-duplex-2/ | K14: http://www.streamlineusa.com/wp-content/uploads/2019/12/SL-_-Residential-_-215-Madision-_-Residence-3.425x3.jpg | L14: madison-ave-duplex-2
A15: 527 | B15: 21 | C15: 1st Ave Apartment | D15: Murray Hill | E15: 2000 | F15: General Contractor + Millwork | G15: SWA Architecture | H15: SWA Architecture | I15: Residential | J15: https://www.streamlineusa.com/residential/1st-ave-apt/ | K15: http://www.streamlineusa.com/wp-content/uploads/2019/12/Murray-Hill-Featured.jpg | L15: 1st-ave-apt
A16: 531 | B16: 4 | C16: St. Lukes Place townhouse | D16: West Village | E16: 5500 | F16: General Contractor | G16: Barlis Wedlick | H16: Barlis Wedlick | I16: Residential | J16: https://www.streamlineusa.com/residential/st-lukes-place-townhouse/ | K16: http://www.streamlineusa.com/wp-content/uploads/2019/12/1-1.jpg | L16: st-lukes-place-townhouse
A17: 534 | B17: 20 | C17: Thompson St. Studio | D17: SOHO | E17: 600 | F17: General Contractor + Millwork | G17: SWA Architecture | I17: Residential | J17: https://www.streamlineusa.com/residential/thompson-st-studio/ | K17: http://www.streamlineusa.com/wp-content/uploads/2019/12/THOMPSON_STUDIO-Featured-scaled.jpg | L17: thompson-st-studio
A18: 537 | B18: 11 | C18: West 23rd St. Townhouse | D18: Chelsea | E18: 2200 | F18: General Contractor + Millwork | G18: Tersigni Palachek Design | H18: Tersigni Palachek Design | I18: Residential | J18: https://www.streamlineusa.com/residential/west-23rd-townhouse-2/ | K18: http://www.streamlineusa.com/wp-content/uploads/2019/12/W23-Featured.jpg.png | L18: west-23rd-townhouse-2
A19: 540 | B19: 15 | C19: e63rd st Penthouse | D19: Lenox Hill | E19: 1700 | F19: General Contractor + Millwork | G19: Jennifer Aderholdt Design | H19: SWA Architecture | I19: Residential | J19: https://www.streamlineusa.com/residential/e63-st-penthouse/ | K19: http://www.streamlineusa.com/wp-content/uploads/2019/12/Upper-East-Side-Penthouse-Featured.jpg | L19: e63-st-penthouse
A20: 546 | B20: 7 | C20: Versa at the Marriott Renaissance | D20: Herald Square | E20: 18000 | F20: Construction Manager | G20: Celano Design | I20: Commercial | J20: https://www.streamlineusa.com/commercial/versa-marriott/ | K20: http://www.streamlineusa.com/wp-content/uploads/2019/12/Versa-3.jpg | L20: versa-marriott
A21: 549 | B21: 11 | C21: Gunter-Seeger | D21: West Village | E21: 3300 | F21: General Contractor + Millwork | G21: AWI Interiors | I21: Commercial | J21: https://www.streamlineusa.com/commercial/gunter-seeger/ | K21: http://www.streamlineusa.com/wp-content/uploads/2019/12/Gunter-3.jpg | L21: gunter-seeger
A22: 552 | B22: 1 | C22: Duane Street Penthouse | D22: Tribeca | E22: 4000 | F22: General Contractor | G22: Dean Winters and Diana Gomez | H22: SWA Architecture | I22: Residential | J22: https://www.streamlineusa.com/residential/duane-street-penthouse/ | K22: http://www.streamlineusa.com/wp-content/uploads/2019/12/20210310_129DuaneSt-3975-2-scaled.jpg | L22: duane-street-penthouse
A23: 555 | B23: 5 | C23: Indeed Corporate Office Suite | D23: Midtown | E23: 36000 | F23: Carpentry + Millwork | G23: Indeed corporate | I23: Commercial | J23: https://www.streamlineusa.com/commercial/indeed-corporate-office-suite/ | K23: http://www.streamlineusa.com/wp-content/uploads/2019/12/Indeed-Updated-Featured.jpg | L23: indeed-corporate-office-suite
A24: 558 | B24: 24 | C24: Atrium Corporate Office | D24: NoHo | E24: 5000 | F24: General Contractor + Millwork | G24: Sam Ben avraham | H24: Bang 3 Design | I24: Commercial | J24: https://www.streamlineusa.com/commercial/autrium-corporate-office/ | K24: http://www.streamlineusa.com/wp-content/uploads/2019/12/Streamline-USA-Atrium-5.65x4.11.jpg | L24: autrium-corporate-office
A25: 561 | B25: 6 | C25: KITH | D25: NoHo | E25: 7500 | F25: General Contractor | G25: Snarkitecture | I25: Commercial | J25: https://www.streamlineusa.com/commercial/kith/ | K25: http://www.streamlineusa.com/wp-content/uploads/2019/12/StreamlineUSA-RET-Kith-03-4.37x3.4.jpg | L25: kith
A26: 564 | B26: 20 | C26: Washington Sq. Dermatology | D26: West Village | E26: 2500 | F26: General Contractor | G26: Dr. Samer Jaber | I26: Commercial | J26: https://www.streamlineusa.com/commercial/upper-east-side-townhouse/ | K26: http://www.streamlineusa.com/wp-content/uploads/2019/12/wash.jpg | L26: upper-east-side-townhouse
A27: 567 | B27: 9 | C27: Horatio St. Townhouse | D27: Meat Packing District | E27: 3200 | F27: General Contractor + Millwork | G27: Tersigni Palachek Design | H27: David Bae Architect | I27: Residential | J27: https://www.streamlineusa.com/residential/horatio-st-townhouse/ | K27: http://www.streamlineusa.com/wp-content/uploads/2019/12/tersigni-palachek-residential-west-village-02.png | L27: horatio-st-townhouse
A28: 570 | B28: 3 | C28: 69th St Townhouse | D28: Upper West Side | E28: 6000 | F28: General Contractor + Millwork | G28: Fury Design | I28: Residential | J28: https://www.streamlineusa.com/residential/69th-st-townhouse/ | K28: http://www.streamlineusa.com/wp-content/uploads/2019/12/BlackHenselNYC_021-scaled.jpg | L28: 69th-st-townhouse
A29: 1835 | B29: 10 | C29: Lexington Ave Townhouse | D29: Upper East Side | E29: 4500 | F29: General Contractor | G29: Salvatore LaRosa | H29: B5 Studio Architects | I29: Residential | J29: https://www.streamlineusa.com/residential/lexington-ave-townhouse/ | K29: http://www.streamlineusa.com/wp-content/uploads/2020/02/UES-8-e1595540404244.jpg | L29: lexington-ave-townhouse
A30: 1907 | B30: 17 | C30: Sullivan St duplex | D30: SOHO | E30: 6000 | F30: Millwork + Finishes | G30: Butter and Eggs Design | H30: Michael Tower Architecture | I30: Residential | J30: https://www.streamlineusa.com/residential/sullivan-st-duplex-2/ | K30: http://www.streamlineusa.com/wp-content/uploads/2020/02/DSC_0847-scaled.jpg | L30: sullivan-st-duplex-2
A31: 1931 | B31: 18 | C31: Mackage SoHo | D31: SoHo | E31: 4500 | F31: General Contractor | G31: Burdifilek | I31: Commercial | J31: https://www.streamlineusa.com/commercial/mackage-soho/ | K31: http://www.streamlineusa.com/wp-content/uploads/2020/02/IMG_8648-scaled.jpg | L31: mackage-soho
A32: 2306 | B32: 2 | C32: e64th St Townhouse | D32: Lenox Hill | E32: 3800 | F32: General Contractor | G32: Virginia Tupker Interiors | H32: MZA Architecture | I32: Residential | J32: https://www.streamlineusa.com/residential/e64-st-townhouse/ | K32: http://www.streamlineusa.com/wp-content/uploads/2020/05/20200416_118East64th-3022.jpg | L32: e64-st-townhouse
A33: 2345 | B33: 22 | C33: Motel 23 Lounge | D33: Chelsea | E33: 3500 | F33: General Contractor | G33: Colin Fuda | H33: Atelier New York | I33: Commercial | J33: https://www.streamlineusa.com/commercial/motel-23-lounge/ | K33: http://www.streamlineusa.com/wp-content/uploads/2020/05/Motel-23-Featured.jpg | L33: motel-23-lounge
A34: 2366 | B34: 22 | C34: Wainscott, East Hampton Residence | D34: Wainscott, East Hampton | E34: 3200 | F34: Construction Consultant | G34: Nathalie Akiya Design | I34: Residential | J34: https://www.streamlineusa.com/residential/wainscott-east-hampton-residence/ | K34: http://www.streamlineusa.com/wp-content/uploads/2020/05/IMG_1256.png | L34: wainscott-east-hampton-residence
A35: 2384 | B35: 23 | C35: Ground Central Coffee Company | D35: Murray Hill | E35: 550 | F35: General Contractor | G35: Daniel O'Connor Architects | H35: Daniel O'Connor Architects | I35: Commercial | J35: https://www.streamlineusa.com/commercial/ground-central-coffee-company/ | K35: http://www.streamlineusa.com/wp-content/uploads/2020/05/Ground-Central-Featured.jpg | L35: ground-central-coffee-company
A36: 2396 | B36: 16 | C36: 84th st townhouse | D36: Jackson Heights | E36: 2200 | F36: General Contractor | G36: Nathalie Akiya Design | H36: SWA Architecture | I36: Residential | J36: https://www.streamlineusa.com/residential/84th-st-townhouse/ | K36: http://www.streamlineusa.com/wp-content/uploads/2020/05/Jackson-Heights-Featured.png | L36: 84th-st-townhouse
A37: 2409 | B37: 18 | C37: Upper West Side Apartment | D37: Upper West Side | E37: 1400 | F37: General Contractor | G37: Yael and Ori Morag | H37: MZA Architecture | I37: Residential | J37: https://www.streamlineusa.com/residential/upper-west-side-apartment/ | K37: http://www.streamlineusa.com/wp-content/uploads/2020/05/Upper-West-Side-Apt-Featured.jpg | L37: upper-west-side-apartment
A38: 2425 | B38: 19 | C38: My Darling Ivy | D38: Chelsea | E38: 1500 | F38: General Contractor | G38: VJ Moscaritola | H38: Studio Stigsby | I38: Commercial | J38: https://www.streamlineusa.com/commercial/my-darling-ivy/ | K38: http://www.streamlineusa.com/wp-content/uploads/2020/05/My-Darling-Ivy-Featured.jpg | L38: my-darling-ivy
A39: 2504 | B39: 8 | C39: 12th st townhouse | D39: Greenwich Village | E39: 7000 | F39: Carpentry Millwork + Finishes | G39: Elisabeth de Kergorlay | I39: Residential | J39: https://www.streamlineusa.com/residential/12th-st-townhouse-greenwich-village/ | K39: http://www.streamlineusa.com/wp-content/uploads/2020/07/5th-Ave-Featured-copy.jpg | L39: 12th-st-townhouse-greenwich-village
A40: 2520 | B40: 16 | C40: Haus Nightclub | D40: Lower Manhattan | E40: 5500 | F40: General Contractor | G40: John Rawlins Design | H40: SWA Architecture | I40: Commercial | J40: https://www.streamlineusa.com/commercial/haus-nightclub/ | K40: http://www.streamlineusa.com/wp-content/uploads/2020/07/Haus-Featured.jpg | L40: haus-nightclub
A41: 2838 | B41: 19 | C41: 53rd st studio | D41: Hell's Kitchen | E41: 750 | F41: General Contractor | G41: LDN interiors | I41: Residential | J41: https://www.streamlineusa.com/residential/53rd-st-studio/ | K41: http://www.streamlineusa.com/wp-content/uploads/2022/02/20210310_425West53rdSt-3669.jpg | L41: 53rd-st-studio
A42: 2842 | B42: 6 | C42: Riverside Drive Apartment | D42: Morningside Heights | E42: 2900 | F42: General Contractor | G42: Samantha Orley Interiors | H42: MZA Architecture | I42: Residential | J42: https://www.streamlineusa.com/residential/riverside-drive-apartment/ | K42: http://www.streamlineusa.com/wp-content/uploads/2022/02/420-riverside-134.jpg | L42: riverside-drive-apartment
A43: 2847 | B43: 7 | C43: WARREN ST APT | D43: Tribeca | E43: 2600 | F43: General Contractor | G43: Current Interiors | H43: Michael Tower Architecture | I43: Residential | J43: https://www.streamlineusa.com/residential/warren-st-apt/ | K43: http://www.streamlineusa.com/wp-content/uploads/2022/02/20210222_30WarrenSt-0178.jpg | L43: warren-st-apt
A44: 2850 | B44: 12 | C44: Hudson Yards Mall | D44: Hudson Yards | E44: 3500 | F44: General Contractor | G44: Robert Jaimeson design | I44: Commercial | J44: https://www.streamlineusa.com/commercial/hudson-yards-mall/ | K44: http://www.streamlineusa.com/wp-content/uploads/2022/02/20210222_HudsonYardsMall-0087-scaled.jpg | L44: hudson-yards-mall
A45: 2853 | B45: 15 | C45: Vivvi Daycare Hudson Yards | D45: Hudson Yards | E45: 7500 | F45: General Contractor | G45: Eleven of Eleven design | H45: Carol Gretter Elven of Eleven architecture | I45: Commercial | J45: https://www.streamlineusa.com/commercial/vivvi-daycare-hudson-yards/ | K45: http://www.streamlineusa.com/wp-content/uploads/2022/02/20210219_55HudsonYards-5373-scaled.jpg | L45: vivvi-daycare-hudson-yards
A46: 2860 | B46: 12 | C46: Wyckoff Townhouse | D46: Boerum Hill | E46: 4500 | F46: General Contractor | G46: Current Interiors, Rachel Kane, and Xandro Aventajado | I46: Residential | J46: https://www.streamlineusa.com/residential/wyckoff-townhouse/ | K46: http://www.streamlineusa.com/wp-content/uploads/2022/02/20211202_118WyckoffSt-0964-scaled.jpg | L46: wyckoff-townhouse

Sheet Old Worksheet
A1: id | B1: Correct ID | C1: Order of apperance | D1: Title | E1: Project Gallery | F1: Location | G1: Size (Sq. Ft) | H1: Role | I1: Designed By | J1: Architecture by | K1: Categories | L1: Permalink | M1: Image Featured
A2: 2425 | B2: =VLOOKUP(D2, Current!C:C, 2, false) -> #REF! | C2: 8 | D2: 12th st townhouse | E2: http://www.staging3.streamlineusa.com/wp-content/uploads/2020/07/5th-Ave-9496-copy.jpg|http://www.staging3.streamlineusa.com/wp-content/uploads/2020/07/5th-Ave-9495-copy.jpg|http://www.staging3.streamlineusa.com/wp-content/uploads/2020/07/5th-Ave-9494-copy.jpg|http://www.staging3.streamlineusa.com/wp-content/uploads/2020/07/5th-Ave-9493-copy.jpg|http://www.staging3.streamlineusa.com/wp-content/uploads/2020/07/5th-Ave-9492-copy.jpg|http://www.staging3.streamlineusa.com/wp-content/uploads/2020/07/5th-Ave-9491-copy.jpg|http://www.staging3.streamlineusa.com/wp-content/uploads/2020/07/5th-Ave-9490-copy.jpg|http://www.staging3.streamlineusa.com/wp-content/uploads/2020/07/5th-Ave-9488-copy.jpg|http://www.staging3.streamlineusa.com/wp-content/uploads/2020/07/5th-Ave-9485-copy.jpg|http://www.staging3.streamlineusa.com/wp-content/uploads/2020/07/5th-Ave-9483-copy.jpg|http://www.staging3.streamlineusa.com/wp-content/uploads/2020/07/5th-Ave-9481-copy.jpg|http://www.staging3.streamlineusa.com/wp-content/uploads/2020/07/5th-Ave-Featured-copy.jpg | F2: Greenwich Village | G2: 7000 | H2: Carpentry Millwork + Finishes | I2: Elisabeth de Kergorlay | K2: Residential | L2: https://www.staging8.streamlineusa.com/residential/5th-avenue-townhouse/ | M2: https://www.staging8.streamlineusa.com/wp-content/uploads/2020/07/5th-Ave-Featured-copy.jpg
A3: 558 | B3: =VLOOKUP(D3, Current!C:C, 2, false) -> #REF! | C3: 21 | D3: 1st ave apartment | E3: http://www.staging3.streamlineusa.com/wp-content/uploads/2019/12/Murray-Hill-Featured.jpg|http://www.staging3.streamlineusa.com/wp-content/uploads/2019/12/MURRAYHILL1.jpg|http://www.staging3.streamlineusa.com/wp-content/uploads/2019/12/MURRAYHILL2.jpg|http://www.staging3.streamlineusa.com/wp-content/uploads/2019/12/MURRAYHILL4.jpg|http://www.staging3.streamlineusa.com/wp-content/uploads/2019/12/MURRAYHILL3.jpg|http://www.staging3.streamlineusa.com/wp-content/uploads/2019/12/MURRAYHILL5.jpg|http://www.staging3.streamlineusa.com/wp-content/uploads/2019/12/MURRAYHILL7.jpg | F3: Murray Hill | G3: 2000 | H3: General Contractor + Millwork | I3: SWA Architecture | K3: Residential | L3: https://www.staging8.streamlineusa.com/residential/murray-hill-apartments/ | M3: https://www.staging8.streamlineusa.com/wp-content/uploads/2019/12/Murray-Hill-Featured.jpg
A4: 527 | B4: =VLOOKUP(D4, Current!C:C, 2, false) -> #REF! | C4: 19 | D4: 53rd st studio | E4: http://www.staging3.streamlineusa.com/wp-content/uploads/2022/02/20210310_425West53rdSt-3619.jpg|http://www.staging3.streamlineusa.com/wp-content/uploads/2022/02/20210310_425West53rdSt-3624.jpg|http://www.staging3.streamlineusa.com/wp-content/uploads/2022/02/20210310_425West53rdSt-3629.jpg|http://www.staging3.streamlineusa.com/wp-content/uploads/2022/02/20210310_425West53rdSt-3634.jpg|http://www.staging3.streamlineusa.com/wp-content/uploads/2022/02/20210310_425West53rdSt-3639.jpg|http://www.staging3.streamlineusa.com/wp-content/uploads/2022/02/20210310_425West53rdSt-3659.jpg|http://www.staging3.streamlineusa.com/wp-content/uploads/2022/02/20210310_425West53rdSt-3664.jpg|http://www.staging3.streamlineusa.com/wp-content/uploads/2022/02/20210310_425West53rdSt-3669.jpg|http://www.staging3.streamlineusa.com/wp-content/uploads/2022/02/20210310_425West53rdSt-3674.jpg|http://www.staging3.streamlineusa.com/wp-content/uploads/2022/02/20210310_425West53rdSt-3679.jpg|http://www.staging3.streamlineusa.com/wp-content/uploads/2022/02/20210310_425West53rdSt-3684.jpg|http://www.staging3.streamlineusa.com/wp-content/uploads/2022/02/20210310_425West53rdSt-3699.jpg|http://www.staging3.streamlineusa.com/wp-content/uploads/2022/02/20210310_425West53rdSt-3704.jpg|http://www.staging3.streamlineusa.com/wp-content/uploads/2022/02/20210310_425West53rdSt-3709.jpg|http://www.staging3.streamlineusa.com/wp-content/uploads/2022/02/20210310_425West53rdSt-3719.jpg|http://www.staging3.streamlineusa.com/wp-content/uploads/2022/02/20210310_425West53rdSt-3724.jpg|http://www.staging3.streamlineusa.com/wp-content/uploads/2022/02/20210310_425West53rdSt-3739.jpg|http://www.staging3.streamlineusa.com/wp-content/uploads/2022/02/20210310_425West53rdSt-3752.jpg|http://www.staging3.streamlineusa.com/wp-content/uploads/2022/02/20210310_425West53rdSt-3772.jpg|http://www.staging3.streamlineusa.com/wp-content/uploads/2022/02/20210310_425West53rdSt-3776.jpg|http://www.staging3.streamlineusa.com/wp-content/uploads/2022/02/20210310_425West53rdSt-3781.jpg|http://www.staging3.streamlineusa.com/wp-content/uploads/2022/02/20210310_425West53rdSt-3786.jpg|http://www.staging3.streamlineusa.com/wp-content/uploads/2022/02/20210310_425West53rdSt-3791.jpg|http://www.staging3.streamlineusa.com/wp-content/uploads/2019/12/SL-_-Residential-_-215-Madision-_-Residence-3.425x3-1.jpg|http://www.staging3.streamlineusa.com/wp-content/uploads/2019/12/SL-_-Residential-_-215-Madision-_-Residence-3.425x3.jpg | F4: Hell's Kitchen | G4: 750 | H4: General Contractor | I4: LDN interiors | K4: Residential | L4: https://www.staging8.streamlineusa.com/residential/hells-kitchen-apt/ | M4: https://www.staging8.streamlineusa.com/wp-content/uploads/2022/02/20210310_425West53rdSt-3669.jpg
A5: 1835 | B5: =VLOOKUP(D5, Current!C:C, 2, false) -> #REF! | C5: 3 | D5: 69th st townhouse | E5: http://www.staging3.streamlineusa.com/wp-content/uploads/2019/12/BlackHenselNYC_10retouched1-scaled.jpg|http://www.staging3.streamlineusa.com/wp-content/uploads/2019/12/BlackHenselNYC_051-scaled.jpg|http://www.staging3.streamlineusa.com/wp-content/uploads/2019/12/BlackHenselNYC_041-scaled.jpg|http://www.staging3.streamlineusa.com/wp-content/uploads/2019/12/BlackHenselNYC_071-scaled.jpg|http://www.staging3.streamlineusa.com/wp-content/uploads/2019/12/BlackHenselNYC_021-scaled.jpg|http://www.staging3.streamlineusa.com/wp-content/uploads/2019/12/BlackHenselNYC_091-scaled.jpg|http://www.staging3.streamlineusa.com/wp-content/uploads/2019/12/BlackHenselNYC_031-scaled.jpg|http://www.staging3.streamlineusa.com/wp-content/uploads/2019/12/BlackHenselNYC_081-scaled.jpg|http://www.staging3.streamlineusa.com/wp-content/uploads/2019/12/BlackHenselNYC_061-scaled.jpg|http://www.staging3.streamlineusa.com/wp-content/uploads/2019/12/BlackHenselNYC_11retouched1-scaled.jpg|http://www.staging3.streamlineusa.com/wp-content/uploads/2019/12/BlackHenselNYC_011-scaled.jpg|http://www.staging3.streamlineusa.com/wp-content/uploads/2019/12/UWS_TOWNHOUSE4.jpg|http://www.staging3.streamlineusa.com/wp-content/uploads/2019/12/UWS_TOWNHOUSE6.jpg|http://www.staging3.streamlineusa.com/wp-content/uploads/2019/12/UWS_TOWNHOUSE1.jpg|http://www.staging3.streamlineusa.com/wp-content/uploads/2019/12/UWS_TOWNHOUSE7-1.jpg | F5: Upper West Side | G5: 6000 | H5: General Contractor + Millwork | I5: Fury Design | K5: Residential | L5: https://www.staging8.streamlineusa.com/residential/upper-west-side-townhouse/ | M5: https://www.staging8.streamlineusa.com/wp-content/uploads/2019/12/BlackHenselNYC_021-scaled.jpg
A6: 2409 | B6: =VLOOKUP(D6, Current!C:C, 2, false) -> #REF! | C6: 16 | D6: 84th st Townhouse | E6: http://www.staging3.streamlineusa.com/wp-content/uploads/2020/05/Jackson-Heights-Featured.png|http://www.staging3.streamlineusa.com/wp-content/uploads/2020/05/IMG_0457.png|http://www.staging3.streamlineusa.com/wp-content/uploads/2020/05/IMG_0458.png|http://www.staging3.streamlineusa.com/wp-content/uploads/2020/05/IMG_0449.png|http://www.staging3.streamlineusa.com/wp-content/uploads/2020/05/IMG_0462.png|http://www.staging3.streamlineusa.com/wp-content/uploads/2020/05/IMG_0448.png|http://www.staging3.streamlineusa.com/wp-content/uploads/2020/05/IMG_0450.png|http://www.staging3.streamlineusa.com/wp-content/uploads/2020/05/IMG_0452.png|http://www.staging3.streamlineusa.com/wp-content/uploads/2020/05/IMG_0455.png | F6: Jackson Heights | G6: 2200 | H6: General Contractor | I6: Nathalie Akiya Design | J6: SWA Architecture | K6: Residential | L6: https://www.staging8.streamlineusa.com/residential/jackson-heights-townhouse/ | M6: https://www.staging8.streamlineusa.com/wp-content/uploads/2020/05/Jackson-Heights-Featured.png
A7: 2520 | B7: =VLOOKUP(D7, Current!C:C, 2, false) -> #REF! | C7: 24 | D7: Atrium Corporate Office | E7: http://www.staging3.streamlineusa.com/wp-content/uploads/2019/12/Streamline-USA-Atrium-5.65x4.11-1.jpg|http://www.staging3.streamlineusa.com/wp-content/uploads/2019/12/Streamline-USA-Atrium-3.69x1.91-1.jpg|http://www.staging3.streamlineusa.com/wp-content/uploads/2019/12/Streamline-USA-Atrium-1.71x1.90-1.jpg|http://www.staging3.streamlineusa.com/wp-content/uploads/2019/12/Streamline-USA-Atrium-8.0x2.25.jpg|http://www.staging3.streamlineusa.com/wp-content/uploads/2019/12/Streamline-USA-Atrium-1.71x1.91-1.jpg | F7: NoHo | G7: 5000 | H7: General Contractor + Millwork | I7: Sam Ben avraham | J7: Bang 3 Design | K7: Commercial | L7: https://www.staging8.streamlineusa.com/commercial/atrium-corporate-office/ | M7: https://www.staging8.streamlineusa.com/wp-content/uploads/2019/12/Streamline-USA-Atrium-5.65x4.11.jpg
A8: 439 | B8: =VLOOKUP(D8, Current!C:C, 2, false) -> #REF! | C8: 1 | D8: Boqueria Restaurant | E8: http://www.staging3.streamlineusa.com/wp-content/uploads/2019/12/Featured-1-scaled.jpg|http://www.staging3.streamlineusa.com/wp-content/uploads/2019/12/Boqueria_West40_0518_LizClayman_210-scaled.jpg|http://www.staging3.streamlineusa.com/wp-content/uploads/2019/12/Boqueria_West40_0518_LizClayman_211-scaled.jpg|http://www.staging3.streamlineusa.com/wp-content/uploads/2019/12/Boqueria_West40_0518_LizClayman_212-scaled.jpg|http://www.staging3.streamlineusa.com/wp-content/uploads/2019/12/Boqueria_West40_0518_LizClayman_197-scaled.jpg|http://www.staging3.streamlineusa.com/wp-content/uploads/2019/12/Boqueria_West40_0518_LizClayman_203-scaled.jpg|http://www.staging3.streamlineusa.com/wp-content/uploads/2019/12/Boqueria_West40_0518_LizClayman_206-scaled.jpg|http://www.staging3.streamlineusa.com/wp-content/uploads/2019/12/Boqueria_West40_0518_LizClayman_209-scaled.jpg|http://www.staging3.streamlineusa.com/wp-content/uploads/2019/12/Boqueria_West40_0518_LizClayman_003-scaled.jpg|http://www.staging3.streamlineusa.com/wp-content/uploads/2019/12/Boqueria_West40_0518_LizClayman_128-1-scaled.jpg | F8: Midtown | G8: 10500 | H8: General Contractor | I8: Studio Razavi | K8: Commercial | L8: https://www.staging8.streamlineusa.com/commercial/boqueria-restaurant/ | M8: https://www.staging8.streamlineusa.com/wp-content/uploads/2019/12/Featured-1-scaled.jpg
A9: 509 | B9: =VLOOKUP(D9, Current!C:C, 2, false) -> #REF! | C9: 9 | D9: Burger & Lobster | E9: http://www.staging3.streamlineusa.com/wp-content/uploads/2019/12/Burger-Lobster-Featured.jpg|http://www.staging3.streamlineusa.com/wp-content/uploads/2019/12/BURGERLOBSTER6.jpg|http://www.staging3.streamlineusa.com/wp-content/uploads/2019/12/BURGERLOBSTER2.jpg|http://www.staging3.streamlineusa.com/wp-content/uploads/2019/12/BURGERLOBSTER7.jpg|http://www.staging3.streamlineusa.com/wp-content/uploads/2019/12/BURGERLOBSTER3.jpg|http://www.staging3.streamlineusa.com/wp-content/uploads/2019/12/BURGERLOBSTER5.jpg|http://www.staging3.streamlineusa.com/wp-content/uploads/2019/12/BURGERLOBSTER4.jpg | F9: Bryant Park | G9: 8500 | H9: General Contractor + Millwork | I9: MZA Architecture | K9: Commercial | L9: https://www.staging8.streamlineusa.com/commercial/burger-lobster/ | M9: https://www.staging8.streamlineusa.com/wp-content/uploads/2019/12/BURGERLOBSTER3.jpg
A10: 552 | B10: =VLOOKUP(D10, Current!C:C, 2, false) -> #REF! | C10: 1 | D10: Duane Street Penthouse | E10: http://www.staging3.streamlineusa.com/wp-content/uploads/2022/02/20210310_129DuaneSt-3830-scaled.jpg|http://www.staging3.streamlineusa.com/wp-content/uploads/2022/02/20210310_129DuaneSt-3975-scaled.jpg|http://www.staging3.streamlineusa.com/wp-content/uploads/2022/02/20210310_129DuaneSt-3990-scaled.jpg|http://www.staging3.streamlineusa.com/wp-content/uploads/2022/02/20210310_129DuaneSt-3995-scaled.jpg|http://www.staging3.streamlineusa.com/wp-content/uploads/2022/02/20211021_129DuaneSt-8020-scaled.jpg|http://www.staging3.streamlineusa.com/wp-content/uploads/2022/02/20211021_129DuaneSt-8035-scaled.jpg|http://www.staging3.streamlineusa.com/wp-content/uploads/2022/02/20211021_129DuaneSt-8040-scaled.jpg|http://www.staging3.streamlineusa.com/wp-content/uploads/2022/02/20211021_129DuaneSt-8080-scaled.jpg|http://www.staging3.streamlineusa.com/wp-content/uploads/2022/02/20211021_129DuaneSt-8110-scaled.jpg|http://www.staging3.streamlineusa.com/wp-content/uploads/2022/02/20211021_129DuaneSt-8120-scaled.jpg|http://www.staging3.streamlineusa.com/wp-content/uploads/2022/02/20211021_129DuaneSt-8159-scaled.jpg | F10: Tribeca | G10: 4000 | H10: General Contractor | I10: Dean Winters and Diana Gomez | J10: SWA Architecture | K10: Residential | L10: https://www.staging8.streamlineusa.com/residential/duane-street-penthouse/ | M10: https://www.staging8.streamlineusa.com/wp-content/uploads/2022/02/20211021_129DuaneSt-8110-scaled.jpg
A11: 2345 | B11: =VLOOKUP(D11, Current!C:C, 2, false) -> #REF! | C11: 15 | D11: e63rd st Penthouse | E11: http://www.staging3.streamlineusa.com/wp-content/uploads/2019/12/Upper-East-Side-Penthouse-Featured.jpg|http://www.staging3.streamlineusa.com/wp-content/uploads/2019/12/Upper-East-Side-Penthouse-1.jpg|http://www.staging3.streamlineusa.com/wp-content/uploads/2019/12/Upper-East-Side-Penthouse-2.jpg|http://www.staging3.streamlineusa.com/wp-content/uploads/2019/12/Upper-East-Side-Penthouse-5.jpg|http://www.staging3.streamlineusa.com/wp-content/uploads/2019/12/Upper-East-Side-Penthouse-4.jpg | F11: Lenox Hill | G11: 1700 | H11: General Contractor + Millwork | I11: Jennifer Aderholdt Design | J11: SWA Architecture | K11: Residential | L11: https://www.staging8.streamlineusa.com/residential/upper-east-side-penthouse/ | M11: https://www.staging8.streamlineusa.com/wp-content/uploads/2019/12/Upper-East-Side-Penthouse-Featured.jpg
A12: 567 | B12: =VLOOKUP(D12, Current!C:C, 2, false) -> #REF! | C12: 2 | D12: e64th st Townhouse | E12: http://www.staging3.streamlineusa.com/wp-content/uploads/2020/05/East-Side-Townhouse-Featured.jpg|http://www.staging3.streamlineusa.com/wp-content/uploads/2020/05/20200416_118East64th-3037.jpg|http://www.staging3.streamlineusa.com/wp-content/uploads/2020/05/20200416_118East64th-3047.jpg|http://www.staging3.streamlineusa.com/wp-content/uploads/2020/05/20200416_118East64th-3067.jpg|http://www.staging3.streamlineusa.com/wp-content/uploads/2020/05/20200416_118East64th-3022.jpg|http://www.staging3.streamlineusa.com/wp-content/uploads/2020/05/20200416_118East64th-3077.jpg|http://www.staging3.streamlineusa.com/wp-content/uploads/2020/05/20200416_118East64th-3092.jpg|http://www.staging3.streamlineusa.com/wp-content/uploads/2020/05/20200416_118East64th-3102.jpg|http://www.staging3.streamlineusa.com/wp-content/uploads/2020/05/20200416_118East64th-3112.jpg|http://www.staging3.streamlineusa.com/wp-content/uploads/2020/05/20200416_118East64th-3132.jpg|http://www.staging3.streamlineusa.com/wp-content/uploads/2020/05/20200416_118East64th-3192-e1595516638725.jpg|http://www.staging3.streamlineusa.com/wp-content/uploads/2020/05/20200416_118East64th-3152.jpg|http://www.staging3.streamlineusa.com/wp-content/uploads/2020/05/20200416_118East64th-3162.jpg|http://www.staging3.streamlineusa.com/wp-content/uploads/2020/05/20200416_118East64th-3172.jpg|http://www.staging3.streamlineusa.com/wp-content/uploads/2020/05/20200416_118East64th-3142.jpg|http://www.staging3.streamlineusa.com/wp-content/uploads/2020/05/20200416_118East64th-3182.jpg|http://www.staging3.streamlineusa.com/wp-content/uploads/2020/05/20200416_118East64th-3362.jpg|http://www.staging3.streamlineusa.com/wp-content/uploads/2020/05/20200416_118East64th-3322.jpg|http://www.staging3.streamlineusa.com/wp-content/uploads/2020/05/20200416_118East64th-3392.jpg|http://www.staging3.streamlineusa.com/wp-content/uploads/2020/05/20200416_118East64th-3402.jpg|http://www.staging3.streamlineusa.com/wp-content/uploads/2020/05/20200416_118East64th-3417.jpg|http://www.staging3.streamlineusa.com/wp-content/uploads/2020/05/20200416_118East64th-3332.jpg|http://www.staging3.streamlineusa.com/wp-content/uploads/2020/05/20200416_118East64th-3422.jpg|http://www.staging3.streamlineusa.com/wp-content/uploads/2020/05/20200416_118East64th-3252.jpg|http://www.staging3.streamlineusa.com/wp-content/uploads/2020/05/20200416_118East64th-3327.jpg|http://www.staging3.streamlineusa.com/wp-content/uploads/2020/05/20200416_118East64th-3412.jpg|http://www.staging3.streamlineusa.com/wp-content/uploads/2020/05/20200416_118East64th-3307.jpg|http://www.staging3.streamlineusa.com/wp-content/uploads/2020/05/20200416_118East64th-3282.jpg|http://www.staging3.streamlineusa.com/wp-content/uploads/2020/05/20200416_118East64th-3227.jpg|http://www.staging3.streamlineusa.com/wp-content/uploads/2020/05/20200416_118East64th-3242.jpg|http://www.staging3.streamlineusa.com/wp-content/uploads/2020/05/20200416_118East64th-3302.jpg|http://www.staging3.streamlineusa.com/wp-content/uploads/2020/05/20200416_118East64th-3232.jpg|http://www.staging3.streamlineusa.com/wp-content/uploads/2020/05/20200416_118East64th-3297.jpg|http://www.staging3.streamlineusa.com/wp-content/uploads/2020/05/20200416_118East64th-3277.jpg|http://www.staging3.streamlineusa.com/wp-content/uploads/2020/05/20200416_118East64th-3212.jpg | F12: Lenox Hill | G12: 3800 | H12: General Contractor | I12: Virgina Tupker | J12: MZA Architecture | K12: Residential | L12: https://www.staging8.streamlineusa.com/residential/east-side-townhouse/ | M12: https://www.staging8.streamlineusa.com/wp-content/uploads/2020/05/East-Side-Townhouse-Featured.jpg
A13: 443 | B13: =VLOOKUP(D13, Current!C:C, 2, false) -> #REF! | C13: 21 | D13: Free People Retail Store | E13: http://www.staging3.streamlineusa.com/wp-content/uploads/2019/12/Free-People-by-Streamline-USA-3.69x4.36.jpg|http://www.staging3.streamlineusa.com/wp-content/uploads/2019/12/Free-People-by-Streamline-USA-1.71x2.19-1.jpg|http://www.staging3.streamlineusa.com/wp-content/uploads/2019/12/Free-People-by-Streamline-USA-2.1x3.71-1.jpg|http://www.staging3.streamlineusa.com/wp-content/uploads/2019/12/Free-People-by-Streamline-USA-1.71x2.0.jpg|http://www.staging3.streamlineusa.com/wp-content/uploads/2019/12/Free-People-by-Streamline-USA-5.65x4.11-1.jpg|http://www.staging3.streamlineusa.com/wp-content/uploads/2019/12/IMG_3444-scaled.jpg | F13: Meatpacking District | G13: 7000 | H13: Carpentry + Finishes | I13: David Levy Architecture | K13: Commercial | L13: https://www.staging8.streamlineusa.com/commercial/free-people-retail-store/ | M13: https://www.staging8.streamlineusa.com/wp-content/uploads/2019/12/Free-People-Updated-Featured.jpg
A14: 433 | B14: =VLOOKUP(D14, Current!C:C, 2, false) -> #REF! | C14: 3 | D14: Grand Ole Opry City Stage | E14: http://www.staging3.streamlineusa.com/wp-content/uploads/2019/12/OPRY1.jpg|http://www.staging3.streamlineusa.com/wp-content/uploads/2019/12/OPRY5.jpg|http://www.staging3.streamlineusa.com/wp-content/uploads/2019/12/OPRY10.jpg|http://www.staging3.streamlineusa.com/wp-content/uploads/2019/12/OPRY11.jpg|http://www.staging3.streamlineusa.com/wp-content/uploads/2019/12/OPRY2.jpg|http://www.staging3.streamlineusa.com/wp-content/uploads/2019/12/OPRY3.jpg|http://www.staging3.streamlineusa.com/wp-content/uploads/2019/12/OPRY4.jpg|http://www.staging3.streamlineusa.com/wp-content/uploads/2019/12/OPRY6.jpg|http://www.staging3.streamlineusa.com/wp-content/uploads/2019/12/OPRY7.jpg|http://www.staging3.streamlineusa.com/wp-content/uploads/2019/12/OPRY8.jpg|http://www.staging3.streamlineusa.com/wp-content/uploads/2019/12/OPRY9.jpg | F14: Times Square | G14: 22000 | H14: Construction Manager | I14: SWA Architecture, Morris Nathanson Interior Design | K14: Commercial | L14: https://www.staging8.streamlineusa.com/commercial/grand-ole-opry-city-stage/ | M14: https://www.staging8.streamlineusa.com/wp-content/uploads/2019/12/OPRY1.jpg
A15: 2853 | B15: =VLOOKUP(D15, Current!C:C, 2, false) -> #REF! | C15: 23 | D15: Ground Central Coffee Company | E15: http://www.staging3.streamlineusa.com/wp-content/uploads/2020/05/Ground-Central-Featured.jpg|http://www.staging3.streamlineusa.com/wp-content/uploads/2020/05/20200422_2ndAveGroundCentral-3773.jpg|http://www.staging3.streamlineusa.com/wp-content/uploads/2020/05/20200422_2ndAveGroundCentral-3728.jpg|http://www.staging3.streamlineusa.com/wp-content/uploads/2020/05/20200422_2ndAveGroundCentral-3763.jpg|http://www.staging3.streamlineusa.com/wp-content/uploads/2020/05/20200422_2ndAveGroundCentral-3753.jpg|http://www.staging3.streamlineusa.com/wp-content/uploads/2020/05/20200422_2ndAveGroundCentral-3788.jpg|http://www.staging3.streamlineusa.com/wp-content/uploads/2020/05/20200422_2ndAveGroundCentral-3708.jpg|http://www.staging3.streamlineusa.com/wp-content/uploads/2020/05/20200422_2ndAveGroundCentral-3733.jpg|http://www.staging3.streamlineusa.com/wp-content/uploads/2020/05/20200422_2ndAveGroundCentral-3718.jpg | F15: Murray Hill | G15: 550 | H15: General Contractor | I15: Daniel O'Connor Architects | J15: Daniel O'Connor Architects | K15: Commercial | L15: https://www.staging8.streamlineusa.com/commercial/ground-central-coffee-company/ | M15: https://www.staging8.streamlineusa.com/wp-content/uploads/2020/05/Ground-Central-Featured.jpg
A16: 2830 | B16: 549 | C16: 11 | D16: Günter Seeger | E16: http://www.staging3.streamlineusa.com/wp-content/uploads/2019/12/Gunter-3.jpg|http://www.staging3.streamlineusa.com/wp-content/uploads/2019/12/BLURRY.jpg|http://www.staging3.streamlineusa.com/wp-content/uploads/2019/12/Gunter-4.jpg|http://www.staging3.streamlineusa.com/wp-content/uploads/2019/12/Gunter-Updated-Featured-scaled.jpg|http://www.staging3.streamlineusa.com/wp-content/uploads/2019/12/Gunter-2.jpg|http://www.staging3.streamlineusa.com/wp-content/uploads/2019/12/Gunter-Seeger-Featured.jpg|http://www.staging3.streamlineusa.com/wp-content/uploads/2019/12/Gunter-1.jpg | F16: West Village | G16: 3300 | H16: General Contractor + Millwork | I16: AWI Interiors | K16: Commercial | L16: https://www.staging8.streamlineusa.com/commercial/gunter-seeger/ | M16: https://www.staging8.streamlineusa.com/wp-content/uploads/2019/12/Gunter-3.jpg
A17: 2842 | B17: =VLOOKUP(D17, Current!C:C, 2, false) -> #REF! | C17: 16 | D17: Haus Nightclub | E17: http://www.staging3.streamlineusa.com/wp-content/uploads/2020/07/IMG_6905.jpg|http://www.staging3.streamlineusa.com/wp-content/uploads/2020/07/IMG_6910.jpg|http://www.staging3.streamlineusa.com/wp-content/uploads/2020/07/IMG_6906.jpg|http://www.staging3.streamlineusa.com/wp-content/uploads/2020/07/Haus-Featured.jpg|http://www.staging3.streamlineusa.com/wp-content/uploads/2020/07/IMG_6913.jpg|http://www.staging3.streamlineusa.com/wp-content/uploads/2020/07/IMG_6917.jpg|http://www.staging3.streamlineusa.com/wp-content/uploads/2020/07/IMG_6916.jpg|http://www.staging3.streamlineusa.com/wp-content/uploads/2020/07/IMG_6914.jpg|http://www.staging3.streamlineusa.com/wp-content/uploads/2020/07/IMG_6915.jpg|http://www.staging3.streamlineusa.com/wp-content/uploads/2020/07/IMG_6909.jpg|http://www.staging3.streamlineusa.com/wp-content/uploads/2020/07/IMG_6908.jpg | F17: Tribeca | G17: 5500 | H17: General Contractor | I17: John Rawlins Design | J17: SWA Architecture | K17: Commercial | L17: https://www.staging8.streamlineusa.com/commercial/haus-nightclub/ | M17: https://www.staging8.streamlineusa.com/wp-content/uploads/2020/07/Haus-Featured.jpg
A18: 520 | B18: 567 | C18: 9 | D18: Horatio St Townhouse | E18: http://www.staging3.streamlineusa.com/wp-content/uploads/2019/12/tersigni-palachek-residential-west-village-01-1.png|http://www.staging3.streamlineusa.com/wp-content/uploads/2019/12/tersigni-palachek-residential-west-village-05.png|http://www.staging3.streamlineusa.com/wp-content/uploads/2019/12/tersigni-palachek-residential-west-village-02.png|http://www.staging3.streamlineusa.com/wp-content/uploads/2019/12/tersigni-palachek-residential-west-village-04.png|http://www.staging3.streamlineusa.com/wp-content/uploads/2019/12/tersigni-palachek-residential-west-village-08.png|http://www.staging3.streamlineusa.com/wp-content/uploads/2019/12/tersigni-palachek-residential-west-village-06.png|http://www.staging3.streamlineusa.com/wp-content/uploads/2019/12/tersigni-palachek-residential-west-village-07.png|http://www.staging3.streamlineusa.com/wp-content/uploads/2019/12/tersigni-palachek-residential-west-village-03.png|http://www.staging3.streamlineusa.com/wp-content/uploads/2019/12/tersigni-palachek-residential-west-village-09.png|http://www.staging3.streamlineusa.com/wp-content/uploads/2019/12/Horatio-St-3.68x6.74.jpg|http://www.staging3.streamlineusa.com/wp-content/uploads/2019/12/Horatio-St-3.9x3.jpg|http://www.staging3.streamlineusa.com/wp-content/uploads/2019/12/Horatio-St-2.35x3.12.jpg|http://www.staging3.streamlineusa.com/wp-content/uploads/2019/12/Horatio-St-4.50x2.86.jpg|http://www.staging3.streamlineusa.com/wp-content/uploads/2019/12/Horatio-St-2.17x3.12.jpg|http://www.staging3.streamlineusa.com/wp-content/uploads/2019/12/Streamline-Residential-Horatio-12-4.11x5.65.jpg|http://www.staging3.streamlineusa.com/wp-content/uploads/2019/12/Streamline-Residential-Horatio-17-1.71x2.08-1.jpg | F18: Meat Packing District | G18: 3200 | H18: General Contractor + Millwork | I18: Tersigni Palachek Design | J18: David Bae Architect | K18: Residential | L18: https://www.staging8.streamlineusa.com/residential/horatio-st-townhouse/ | M18: https://www.staging8.streamlineusa.com/wp-content/uploads/2019/12/tersigni-palachek-residential-west-village-02.png
A19: 2860 | B19: =VLOOKUP(D19, Current!C:C, 2, false) -> #REF! | C19: 5 | D19: Hudson Street Penthouse | E19: http://www.staging3.streamlineusa.com/wp-content/uploads/2019/12/Hudson-Featured.jpg|http://www.staging3.streamlineusa.com/wp-content/uploads/2019/12/Hudson-St-4.375x3.jpg|http://www.staging3.streamlineusa.com/wp-content/uploads/2019/12/i-NFgZ9Fs-X2.jpg|http://www.staging3.streamlineusa.com/wp-content/uploads/2019/12/i-Dpjk2Rc-X2.jpg|http://www.staging3.streamlineusa.com/wp-content/uploads/2019/12/i-CS9WgLM-X2.jpg|http://www.staging3.streamlineusa.com/wp-content/uploads/2019/12/i-7HqhMqw-X2.jpg|http://www.staging3.streamlineusa.com/wp-content/uploads/2019/12/i-Khm4Tpw-X2.jpg|http://www.staging3.streamlineusa.com/wp-content/uploads/2019/12/i-pSZ2SP3-X3.jpg|http://www.staging3.streamlineusa.com/wp-content/uploads/2019/12/i-tVwN3fB-X2.jpg|http://www.staging3.streamlineusa.com/wp-content/uploads/2019/12/i-xTCMsVL-X2.jpg|http://www.staging3.streamlineusa.com/wp-content/uploads/2019/12/i-WcQdmRm-X2.jpg|http://www.staging3.streamlineusa.com/wp-content/uploads/2019/12/i-Nssb2GP-X2.jpg | F19: Tribeca | G19: 3500 | H19: Millwork + Finishes | I19: Alex may | K19: Residential | L19: https://www.staging8.streamlineusa.com/residential/hudson-street-penthouse/ | M19: https://www.staging8.streamlineusa.com/wp-content/uploads/2019/12/Hudson-Featured-1.jpg
A20: 2306 | B20: =VLOOKUP(D20, Current!C:C, 2, false) -> #REF! | C20: 12 | D20: HUDSON YARDS MALL | E20: http://www.staging3.streamlineusa.com/wp-content/uploads/2022/02/20210222_HudsonYardsMall-0002-scaled.jpg|http://www.staging3.streamlineusa.com/wp-content/uploads/2022/02/20210222_HudsonYardsMall-0007-scaled.jpg|http://www.staging3.streamlineusa.com/wp-content/uploads/2022/02/20210222_HudsonYardsMall-0012-scaled.jpg|http://www.staging3.streamlineusa.com/wp-content/uploads/2022/02/20210222_HudsonYardsMall-0017-scaled.jpg|http://www.staging3.streamlineusa.com/wp-content/uploads/2022/02/20210222_HudsonYardsMall-0022-scaled.jpg|http://www.staging3.streamlineusa.com/wp-content/uploads/2022/02/20210222_HudsonYardsMall-0027-scaled.jpg|http://www.staging3.streamlineusa.com/wp-content/uploads/2022/02/20210222_HudsonYardsMall-0032-scaled.jpg|http://www.staging3.streamlineusa.com/wp-content/uploads/2022/02/20210222_HudsonYardsMall-0037-scaled.jpg|http://www.staging3.streamlineusa.com/wp-content/uploads/2022/02/20210222_HudsonYardsMall-0042-scaled.jpg|http://www.staging3.streamlineusa.com/wp-content/uploads/2022/02/20210222_HudsonYardsMall-0047-scaled.jpg|http://www.staging3.streamlineusa.com/wp-content/uploads/2022/02/20210222_HudsonYardsMall-0057-scaled.jpg|http://www.staging3.streamlineusa.com/wp-content/uploads/2022/02/20210222_HudsonYardsMall-0062-scaled.jpg|http://www.staging3.streamlineusa.com/wp-content/uploads/2022/02/20210222_HudsonYardsMall-0067-scaled.jpg|http://www.staging3.streamlineusa.com/wp-content/uploads/2022/02/20210222_HudsonYardsMall-0072-scaled.jpg|http://www.staging3.streamlineusa.com/wp-content/uploads/2022/02/20210222_HudsonYardsMall-0077-scaled.jpg|http://www.staging3.streamlineusa.com/wp-content/uploads/2022/02/20210222_HudsonYardsMall-0082-scaled.jpg|http://www.staging3.streamlineusa.com/wp-content/uploads/2022/02/20210222_HudsonYardsMall-0087-scaled.jpg|http://www.staging3.streamlineusa.com/wp-content/uploads/2022/02/20210222_HudsonYardsMall-0092-scaled.jpg|http://www.staging3.streamlineusa.com/wp-content/uploads/2022/02/20210222_HudsonYardsMall-0097-scaled.jpg|http://www.staging3.streamlineusa.com/wp-content/uploads/2022/02/20210222_HudsonYardsMall-0127-scaled.jpg|http://www.staging3.streamlineusa.com/wp-content/uploads/2022/02/20210222_HudsonYardsMall-0102-scaled.jpg|http://www.staging3.streamlineusa.com/wp-content/uploads/2022/02/20210222_HudsonYardsMall-0107-scaled.jpg|http://www.staging3.streamlineusa.com/wp-content/uploads/2022/02/20210222_HudsonYardsMall-0112-scaled.jpg|http://www.staging3.streamlineusa.com/wp-content/uploads/2022/02/20210222_HudsonYardsMall-0117-scaled.jpg|http://www.staging3.streamlineusa.com/wp-content/uploads/2022/02/20210222_HudsonYardsMall-0122-scaled.jpg | F20: Hudson Yards | G20: 3500 | H20: General Contractor | I20: Robert Jaimeson design | K20: Commercial | L20: https://www.staging8.streamlineusa.com/commercial/hudson-yards-mall/ | M20: https://www.staging8.streamlineusa.com/wp-content/uploads/2022/02/20210222_HudsonYardsMall-0087-scaled.jpg
A21: 555 | B21: =VLOOKUP(D21, Current!C:C, 2, false) -> #REF! | C21: 5 | D21: Indeed Corporate Office Suite | E21: http://www.staging3.streamlineusa.com/wp-content/uploads/2019/12/SL-_-Commercial-Indeed-02-2.155x2.jpg|http://www.staging3.streamlineusa.com/wp-content/uploads/2019/12/SL-_-Commercial-Indeed-01-4x5.65.jpg|http://www.staging3.streamlineusa.com/wp-content/uploads/2019/12/SL-_-Commercial-Indeed-06-3x2.jpg|http://www.staging3.streamlineusa.com/wp-content/uploads/2019/12/SL-_-Commercial-Indeed-03-2.155x3.445.jpg|http://www.staging3.streamlineusa.com/wp-content/uploads/2019/12/SL-_-Commercial-Indeed-07-1.4x2.jpg|http://www.staging3.streamlineusa.com/wp-content/uploads/2019/12/Indeed-Pic.jpg|http://www.staging3.streamlineusa.com/wp-content/uploads/2019/12/IMG_1216-scaled.jpg|http://www.staging3.streamlineusa.com/wp-content/uploads/2019/12/indeed-nyc-office-4.jpg|http://www.staging3.streamlineusa.com/wp-content/uploads/2019/12/SL-_-Commercial-Indeed-04-2x4.7875-1.jpg|http://www.staging3.streamlineusa.com/wp-content/uploads/2019/12/IMG_1215-scaled.jpg|http://www.staging3.streamlineusa.com/wp-content/uploads/2019/12/SL-_-Commercial-Indeed-05-2x2.155-1.jpg|http://www.staging3.streamlineusa.com/wp-content/uploads/2019/12/IMG_1211-scaled.jpg|http://www.staging3.streamlineusa.com/wp-content/uploads/2019/12/IMG_1213-scaled.jpg|http://www.staging3.streamlineusa.com/wp-content/uploads/2019/12/IMG_1212-scaled.jpg|http://www.staging3.streamlineusa.com/wp-content/uploads/2019/12/IMG_1217-scaled.jpg|http://www.staging3.streamlineusa.com/wp-content/uploads/2019/12/IMG_1214-scaled.jpg | F21: Midtown | G21: 36000 | H21: Carpentry + Millwork | I21: Indeed corporate | K21: Commercial | L21: https://www.staging8.streamlineusa.com/commercial/indeed-corporate-office-suite/ | M21: https://www.staging8.streamlineusa.com/wp-content/uploads/2019/12/Indeed-Updated-Featured.jpg
A22: 491 | B22: =VLOOKUP(D22, Current!C:C, 2, false) -> #REF! | C22: 8 | D22: Kat & Theo | E22: http://www.staging3.streamlineusa.com/wp-content/uploads/2019/12/Screen-Shot-2016-03-02-at-1.48.15-PM.jpg|http://www.staging3.streamlineusa.com/wp-content/uploads/2019/12/Kat-Theo-Featured.jpg|http://www.staging3.streamlineusa.com/wp-content/uploads/2019/12/SL-_-Hospitality-_-2-W21-_-KatTheo-3.125x3-2.jpg|http://www.staging3.streamlineusa.com/wp-content/uploads/2019/12/SL-_-Hospitality-_-2-W21-_-KatTheo-3.125x3-1.jpg|http://www.staging3.streamlineusa.com/wp-content/uploads/2019/12/SL-_-Hospitality-_-2-W21-_-KatTheo-8.175x3.65.jpg|http://www.staging3.streamlineusa.com/wp-content/uploads/2019/12/Screen-Shot-2016-03-02-at-1.48.10-PM.jpg|http://www.staging3.streamlineusa.com/wp-content/uploads/2019/12/Screen-Shot-2016-03-02-at-1.48.02-PM.jpg|http://www.staging3.streamlineusa.com/wp-content/uploads/2019/12/Screen-Shot-2016-03-02-at-1.48.46-PM-1.jpg|http://www.staging3.streamlineusa.com/wp-content/uploads/2019/12/Screen-Shot-2016-03-02-at-1.48.52-PM.jpg|http://www.staging3.streamlineusa.com/wp-content/uploads/2019/12/Screen-Shot-2016-03-02-at-1.48.29-PM.jpg | F22: Flatiron District | G22: 2300 | H22: General Contractor + Millwork | I22: Aviva Collective | K22: Commercial | L22: https://www.staging8.streamlineusa.com/commercial/kat-theo/ | M22: https://www.staging8.streamlineusa.com/wp-content/uploads/2019/12/Screen-Shot-2016-03-02-at-1.48.15-PM.jpg
A23: 561 | B23: =VLOOKUP(D23, Current!C:C, 2, false) -> #REF! | C23: 6 | D23: KITH | E23: http://www.staging3.streamlineusa.com/wp-content/uploads/2019/12/StreamlineUSA-RET-Kith-02-4x5.65.jpg|http://www.staging3.streamlineusa.com/wp-content/uploads/2019/12/StreamlineUSA-RET-Kith-12-3x2.jpg|http://www.staging3.streamlineusa.com/wp-content/uploads/2019/12/SL-_-Retail-Kith-17-2.155x2-1-scaled.jpg|http://www.staging3.streamlineusa.com/wp-content/uploads/2019/12/StreamlineUSA-RET-Kith-03-2x4.205.jpg|http://www.staging3.streamlineusa.com/wp-content/uploads/2019/12/StreamlineUSA-RET-Kith-13-4.3708x3.4.jpg|http://www.staging3.streamlineusa.com/wp-content/uploads/2019/12/SL-_-Retail-Kith-08-2.155x2.jpg|http://www.staging3.streamlineusa.com/wp-content/uploads/2019/12/StreamlineUSA-RET-Kith-03-4.37x3.4.jpg|http://www.staging3.streamlineusa.com/wp-content/uploads/2019/12/SL-_-Retail-Kith-02-2x3.jpg|http://www.staging3.streamlineusa.com/wp-content/uploads/2019/12/StreamlineUSA-RET-Kith-04-1.46x2.jpg|http://www.staging3.streamlineusa.com/wp-content/uploads/2019/12/IMG_1071-scaled.jpg|http://www.staging3.streamlineusa.com/wp-content/uploads/2019/12/IMG_1070-scaled.jpg|http://www.staging3.streamlineusa.com/wp-content/uploads/2019/12/IMG_1073-scaled.jpg|http://www.staging3.streamlineusa.com/wp-content/uploads/2019/12/IMG_7210-scaled.jpg|http://www.staging3.streamlineusa.com/wp-content/uploads/2019/12/IMG_1077-scaled.jpg|http://www.staging3.streamlineusa.com/wp-content/uploads/2019/12/IMG_1076-scaled.jpg|http://www.staging3.streamlineusa.com/wp-content/uploads/2019/12/IMG_1074-scaled.jpg|http://www.staging3.streamlineusa.com/wp-content/uploads/2019/12/IMG_1075-scaled.jpg|http://www.staging3.streamlineusa.com/wp-content/uploads/2019/12/IMG_0126-scaled.jpg|http://www.staging3.streamlineusa.com/wp-content/uploads/2019/12/IMG_0127-scaled.jpg|http://www.staging3.streamlineusa.com/wp-content/uploads/2019/12/IMG_0125-scaled.jpg|http://www.staging3.streamlineusa.com/wp-content/uploads/2019/12/IMG_0124-scaled.jpg|http://www.staging3.streamlineusa.com/wp-content/uploads/2019/12/IMG_0108-scaled.jpg|http://www.staging3.streamlineusa.com/wp-content/uploads/2019/12/IMG_0109-scaled.jpg|http://www.staging3.streamlineusa.com/wp-content/uploads/2019/12/IMG_0121-scaled.jpg|http://www.staging3.streamlineusa.com/wp-content/uploads/2019/12/IMG_0123-scaled.jpg|http://www.staging3.streamlineusa.com/wp-content/uploads/2019/12/IMG_0107-scaled.jpg|http://www.staging3.streamlineusa.com/wp-content/uploads/2019/12/IMG_0112-scaled.jpg|http://www.staging3.streamlineusa.com/wp-content/uploads/2019/12/IMG_0110-scaled.jpg|http://www.staging3.streamlineusa.com/wp-content/uploads/2019/12/IMG_0111-scaled.jpg|http://www.staging3.streamlineusa.com/wp-content/uploads/2019/12/IMG_0115-scaled.jpg|http://www.staging3.streamlineusa.com/wp-content/uploads/2019/12/IMG_0116-scaled.jpg|http://www.staging3.streamlineusa.com/wp-content/uploads/2019/12/IMG_0117-scaled.jpg|http://www.staging3.streamlineusa.com/wp-content/uploads/2019/12/IMG_1084-scaled.jpg|http://www.staging3.streamlineusa.com/wp-content/uploads/2019/12/IMG_1085-scaled.jpg|http://www.staging3.streamlineusa.com/wp-content/uploads/2019/12/IMG_1082-scaled.jpg | F23: NoHo | G23: 7500 | H23: General Contractor | I23: Snarkitecture | K23: Commercial | L23: https://www.staging8.streamlineusa.com/commercial/kith/ | M23: https://www.staging8.streamlineusa.com/wp-content/uploads/2019/12/StreamlineUSA-RET-Kith-03-4.37x3.4.jpg
A24: 564 | B24: =VLOOKUP(D24, Current!C:C, 2, false) -> #REF! | C24: 10 | D24: Lexington ave Townhouse | E24: http://www.staging3.streamlineusa.com/wp-content/uploads/2020/02/UES-8-e1595540404244.jpg|http://www.staging3.streamlineusa.com/wp-content/uploads/2020/02/UES-Townhouse-2.jpg|http://www.staging3.streamlineusa.com/wp-content/uploads/2020/02/UES-11.jpg|http://www.staging3.streamlineusa.com/wp-content/uploads/2020/02/UES-4.jpg|http://www.staging3.streamlineusa.com/wp-content/uploads/2020/02/UES-6.jpg|http://www.staging3.streamlineusa.com/wp-content/uploads/2020/02/UES-5.jpg|http://www.staging3.streamlineusa.com/wp-content/uploads/2020/02/46883486.jpg|http://www.staging3.streamlineusa.com/wp-content/uploads/2020/02/UES-7.jpg|http://www.staging3.streamlineusa.com/wp-content/uploads/2020/02/UES-9.jpg|http://www.staging3.streamlineusa.com/wp-content/uploads/2020/02/UES-10.jpg|http://www.staging3.streamlineusa.com/wp-content/uploads/2020/02/UES-Townhouse-3.jpg|http://www.staging3.streamlineusa.com/wp-content/uploads/2020/02/UES-12.jpg|http://www.staging3.streamlineusa.com/wp-content/uploads/2020/02/UES-13.jpg | F24: Upper East Side | G24: 4500 | H24: General Contractor | I24: Salvatore LaRosa | J24: B5 Studio Architects | K24: Residential | L24: https://www.staging8.streamlineusa.com/residential/upper-east-side-townhouse/ | M24: https://www.staging8.streamlineusa.com/wp-content/uploads/2020/02/UES-8-e1595540404244.jpg
A25: 2504 | B25: =VLOOKUP(D25, Current!C:C, 2, false) -> #REF! | C25: 18 | D25: Mackage SoHo | E25: http://www.staging3.streamlineusa.com/wp-content/uploads/2020/02/IMG_8618-scaled.jpg|http://www.staging3.streamlineusa.com/wp-content/uploads/2020/02/IMG_8626-scaled.jpg|http://www.staging3.streamlineusa.com/wp-content/uploads/2020/02/IMG_8629-scaled.jpg|http://www.staging3.streamlineusa.com/wp-content/uploads/2020/02/IMG_8634-scaled.jpg|http://www.staging3.streamlineusa.com/wp-content/uploads/2020/02/IMG_8635-scaled.jpg|http://www.staging3.streamlineusa.com/wp-content/uploads/2020/02/IMG_8638-scaled.jpg|http://www.staging3.streamlineusa.com/wp-content/uploads/2020/02/IMG_8643-scaled.jpg|http://www.staging3.streamlineusa.com/wp-content/uploads/2020/02/IMG_8644-scaled.jpg|http://www.staging3.streamlineusa.com/wp-content/uploads/2020/02/IMG_8645-scaled.jpg|http://www.staging3.streamlineusa.com/wp-content/uploads/2020/02/IMG_8647-scaled.jpg|http://www.staging3.streamlineusa.com/wp-content/uploads/2020/02/IMG_8648-scaled.jpg | F25: SoHo | G25: 4500 | H25: General Contractor | I25: Burdifilek | K25: Commercial | L25: https://www.staging8.streamlineusa.com/commercial/mackage-soho/ | M25: https://www.staging8.streamlineusa.com/wp-content/uploads/2020/02/IMG_8648-scaled.jpg
A26: 503 | B26: =VLOOKUP(D26, Current!C:C, 2, false) -> #REF! | C26: 13 | D26: Madison ave duplex | E26: http://www.staging3.streamlineusa.com/wp-content/uploads/2019/12/SL-_-Residential-_-215-Madision-_-Residence-3.425x3-1.jpg|http://www.staging3.streamlineusa.com/wp-content/uploads/2019/12/SL-_-Residential-_-215-Madision-_-Residence-8.75x3.65-scaled.jpg|http://www.staging3.streamlineusa.com/wp-content/uploads/2019/12/SL-_-Residential-_-215-Madision-_-Residence-3.125x3-3-1.jpg|http://www.staging3.streamlineusa.com/wp-content/uploads/2019/12/SL-_-Residential-_-215-Madision-_-Residence-3.125x3-1-1.jpg|http://www.staging3.streamlineusa.com/wp-content/uploads/2019/12/SL-_-Residential-_-215-Madision-_-Residence-3.125X3-2-1.jpg|http://www.staging3.streamlineusa.com/wp-content/uploads/2019/12/SL-_-Residential-_-215-Madision-_-Residence-5.475x3-1.jpg | F26: Murray Hill | G26: 3400 | H26: General Contractor + Millwork | I26: Lynch Eisinger Design | K26: Residential | L26: https://www.staging8.streamlineusa.com/residential/madison-avenue-penthouse/ | M26: https://www.staging8.streamlineusa.com/wp-content/uploads/2019/12/SL-_-Residential-_-215-Madision-_-Residence-3.425x3.jpg
A27: 2847 | B27: =VLOOKUP(D27, Current!C:C, 2, false) -> #REF! | C27: 17 | D27: Mexicue | E27: http://www.staging3.streamlineusa.com/wp-content/uploads/2019/12/MEX1.jpg|http://www.staging3.streamlineusa.com/wp-content/uploads/2019/12/Mexicue-Featured.jpg|http://www.staging3.streamlineusa.com/wp-content/uploads/2019/12/MEX6.jpg|http://www.staging3.streamlineusa.com/wp-content/uploads/2019/12/MEX5.jpg|http://www.staging3.streamlineusa.com/wp-content/uploads/2019/12/MEX2.jpg|http://www.staging3.streamlineusa.com/wp-content/uploads/2019/12/MEX4.jpg|http://www.staging3.streamlineusa.com/wp-content/uploads/2019/12/DSC_0062-scaled.jpg|http://www.staging3.streamlineusa.com/wp-content/uploads/2019/12/DSC_0049-scaled.jpg|http://www.staging3.streamlineusa.com/wp-content/uploads/2019/12/DSC_0064-scaled.jpg|http://www.staging3.streamlineusa.com/wp-content/uploads/2019/12/DSC_0047-scaled.jpg|http://www.staging3.streamlineusa.com/wp-content/uploads/2019/12/DSC_0054-scaled.jpg|http://www.staging3.streamlineusa.com/wp-content/uploads/2019/12/DSC_0057-scaled.jpg | F27: Noho | G27: 3500 | H27: General Contractor | I27: Treehouse Designs | J27: SWA Architecture | K27: Commercial | L27: https://www.staging8.streamlineusa.com/commercial/mexicue/ | M27: https://www.staging8.streamlineusa.com/wp-content/uploads/2019/12/MEX1.jpg
A28: 570 | B28: =VLOOKUP(D28, Current!C:C, 2, false) -> #REF! | C28: 13 | D28: Mint Kitchen Restaurant | E28: http://www.staging3.streamlineusa.com/wp-content/uploads/2019/12/Creme_Mint-Kitchen_HR-11-1-scaled.jpg|http://www.staging3.streamlineusa.com/wp-content/uploads/2019/12/Mint-Featured-2-scaled.jpg|http://www.staging3.streamlineusa.com/wp-content/uploads/2019/12/Creme_Mint-Kitchen_HR-3-1-scaled.jpg|http://www.staging3.streamlineusa.com/wp-content/uploads/2019/12/Creme_Mint-Kitchen_HR-8-scaled.jpg|http://www.staging3.streamlineusa.com/wp-content/uploads/2019/12/Creme_Mint-Kitchen_HR-6-scaled.jpg|http://www.staging3.streamlineusa.com/wp-content/uploads/2019/12/Creme_Mint-Kitchen_HR-12-1-scaled.jpg|http://www.staging3.streamlineusa.com/wp-content/uploads/2019/12/Creme_Mint-Kitchen_HR-7-scaled.jpg|http://www.staging3.streamlineusa.com/wp-content/uploads/2019/12/Creme_Mint-Kitchen_HR-13-scaled.jpg|http://www.staging3.streamlineusa.com/wp-content/uploads/2019/12/Creme_Mint-Kitchen_HR-2-scaled.jpg|http://www.staging3.streamlineusa.com/wp-content/uploads/2019/12/Creme_Mint-Kitchen_HR-9-scaled.jpg|http://www.staging3.streamlineusa.com/wp-content/uploads/2019/12/Creme_Mint-Kitchen_HR-16-scaled.jpg|http://www.staging3.streamlineusa.com/wp-content/uploads/2019/12/Creme_Mint-Kitchen_HR-11-scaled.jpg|http://www.staging3.streamlineusa.com/wp-content/uploads/2019/12/Creme_Mint-Kitchen_HR-18-1-scaled.jpg|http://www.staging3.streamlineusa.com/wp-content/uploads/2019/12/Creme_Mint-Kitchen_HR-8-1-scaled.jpg|http://www.staging3.streamlineusa.com/wp-content/uploads/2019/12/Creme_Mint-Kitchen_HR-9-2-scaled.jpg|http://www.staging3.streamlineusa.com/wp-content/uploads/2019/12/Creme_Mint-Kitchen_HR-17-1-scaled.jpg|http://www.staging3.streamlineusa.com/wp-content/uploads/2019/12/Creme_Mint-Kitchen_HR-5-1-scaled.jpg|http://www.staging3.streamlineusa.com/wp-content/uploads/2019/12/Creme_Mint-Kitchen_HR-16-1-scaled.jpg|http://www.staging3.streamlineusa.com/wp-content/uploads/2019/12/Creme_Mint-Kitchen_HR-7-1-scaled.jpg|http://www.staging3.streamlineusa.com/wp-content/uploads/2019/12/Creme_Mint-Kitchen_HR-14-1-scaled.jpg|http://www.staging3.streamlineusa.com/wp-content/uploads/2019/12/Creme_Mint-Kitchen_HR-4-1-scaled.jpg|http://www.staging3.streamlineusa.com/wp-content/uploads/2019/12/Creme_Mint-Kitchen_HR-19-scaled.jpg|http://www.staging3.streamlineusa.com/wp-content/uploads/2019/12/Creme_Mint-Kitchen_HR-13-1-scaled.jpg|http://www.staging3.streamlineusa.com/wp-content/uploads/2019/12/Creme_Mint-Kitchen_HR-20-1-scaled.jpg|http://www.staging3.streamlineusa.com/wp-content/uploads/2019/12/Creme_Mint-Kitchen_HR-6-1-scaled.jpg|http://www.staging3.streamlineusa.com/wp-content/uploads/2019/12/Mint-Featured-3-scaled.jpg|http://www.staging3.streamlineusa.com/wp-content/uploads/2019/12/Creme_Mint-Kitchen_HR-15-1-scaled.jpg | F28: West Village | G28: 4000 | H28: General Contractor | I28: Creme | J28: MZA Architecture | K28: Commercial | L28: https://www.staging8.streamlineusa.com/commercial/mint-kitchen-restaurant/ | M28: https://www.staging8.streamlineusa.com/wp-content/uploads/2019/12/Creme_Mint-Kitchen_HR-11-scaled.jpg
A29: 512 | B29: =VLOOKUP(D29, Current!C:C, 2, false) -> #REF! | C29: 10 | D29: Momofuku KO | E29: http://www.staging3.streamlineusa.com/wp-content/uploads/2019/12/Momofuku-Featured.jpg|http://www.staging3.streamlineusa.com/wp-content/uploads/2019/12/20180215_Momofuku_Ko_0173b_WEB.jpg|http://www.staging3.streamlineusa.com/wp-content/uploads/2019/12/20180215_Momofuku_Ko_0206_WEB.jpg|http://www.staging3.streamlineusa.com/wp-content/uploads/2019/12/20180215_Momofuku_Ko_0173_WEB.jpg|http://www.staging3.streamlineusa.com/wp-content/uploads/2019/12/20180215_Momofuku_Ko_0279_WEB.jpg|http://www.staging3.streamlineusa.com/wp-content/uploads/2019/12/20180215_Momofuku_Ko_0280_WEB.jpg|http://www.staging3.streamlineusa.com/wp-content/uploads/2019/12/20180215_Momofuku_Ko_0459_WEB.jpg|http://www.staging3.streamlineusa.com/wp-content/uploads/2019/12/20180215_Momofuku_Ko_0368_WEB.jpg | F29: Bowery | G29: 4500 | H29: General Contractor | I29: Richard Lewis Architecture | K29: Commercial | L29: https://www.staging8.streamlineusa.com/commercial/momofuku-ko/ | M29: https://www.staging8.streamlineusa.com/wp-content/uploads/2019/12/Momofuku-Featured.jpg
A30: 494 | B30: =VLOOKUP(D30, Current!C:C, 2, false) -> #REF! | C30: 22 | D30: Motel 23 Lounge | E30: http://www.staging3.streamlineusa.com/wp-content/uploads/2020/05/20200422_161West23rdSt-3688-Edit-2.jpg|http://www.staging3.streamlineusa.com/wp-content/uploads/2020/05/20200422_161West23rdSt-3612.jpg|http://www.staging3.streamlineusa.com/wp-content/uploads/2020/05/20200422_161West23rdSt-3617.jpg|http://www.staging3.streamlineusa.com/wp-content/uploads/2020/05/20200422_161West23rdSt-3698.jpg|http://www.staging3.streamlineusa.com/wp-content/uploads/2020/05/20200422_161West23rdSt-3677.jpg|http://www.staging3.streamlineusa.com/wp-content/uploads/2020/05/20200422_161West23rdSt-3592.jpg|http://www.staging3.streamlineusa.com/wp-content/uploads/2020/05/20200422_161West23rdSt-3572.jpg|http://www.staging3.streamlineusa.com/wp-content/uploads/2020/05/20200422_161West23rdSt-3587.jpg|http://www.staging3.streamlineusa.com/wp-content/uploads/2020/05/20200422_161West23rdSt-3662.jpg|http://www.staging3.streamlineusa.com/wp-content/uploads/2020/05/20200422_161West23rdSt-3632.jpg|http://www.staging3.streamlineusa.com/wp-content/uploads/2020/05/Motel-23-Featured.jpg|http://www.staging3.streamlineusa.com/wp-content/uploads/2020/05/20200422_161West23rdSt-3602.jpg|http://www.staging3.streamlineusa.com/wp-content/uploads/2020/05/20200422_161West23rdSt-3667.jpg|http://www.staging3.streamlineusa.com/wp-content/uploads/2020/05/20200422_161West23rdSt-3657.jpg|http://www.staging3.streamlineusa.com/wp-content/uploads/2020/05/20200422_161West23rdSt-3672.jpg|http://www.staging3.streamlineusa.com/wp-content/uploads/2020/05/20200422_161West23rdSt-3652.jpg|http://www.staging3.streamlineusa.com/wp-content/uploads/2020/05/20200422_161West23rdSt-3642.jpg|http://www.staging3.streamlineusa.com/wp-content/uploads/2020/05/20200422_161West23rdSt-3637.jpg | F30: Chelsea | G30: 3500 | H30: General Contractor | I30: Colin Fuda | J30: Atelier New York | K30: Commercial | L30: https://www.staging8.streamlineusa.com/commercial/motel-23-lounge/ | M30: https://www.staging8.streamlineusa.com/wp-content/uploads/2020/05/Motel-23-Featured.jpg
A31: 549 | B31: =VLOOKUP(D31, Current!C:C, 2, false) -> #REF! | C31: 19 | D31: My Darling Ivy | E31: http://www.staging3.streamlineusa.com/wp-content/uploads/2020/05/20200507_444W17MyDarlingIvy-4826_27_28_29_30.jpg|http://www.staging3.streamlineusa.com/wp-content/uploads/2020/05/20200507_444W17MyDarlingIvy-4836_37_38_39_40.jpg|http://www.staging3.streamlineusa.com/wp-content/uploads/2020/05/20200507_444W17MyDarlingIvy-4841_2_3_4_5.jpg|http://www.staging3.streamlineusa.com/wp-content/uploads/2020/05/20200507_444W17MyDarlingIvy-4846_47_48_49_50.jpg|http://www.staging3.streamlineusa.com/wp-content/uploads/2020/05/20200507_444W17MyDarlingIvy-4851_2_3_4_5.jpg|http://www.staging3.streamlineusa.com/wp-content/uploads/2020/05/20200507_444W17MyDarlingIvy-4856_57_58_59_60.jpg|http://www.staging3.streamlineusa.com/wp-content/uploads/2020/05/20200507_444W17MyDarlingIvy-4861_2_3_4_5.jpg|http://www.staging3.streamlineusa.com/wp-content/uploads/2020/05/20200507_444W17MyDarlingIvy-4866_67_68_69_70.jpg|http://www.staging3.streamlineusa.com/wp-content/uploads/2020/05/20200507_444W17MyDarlingIvy-4871_2_3_4_5.jpg|http://www.staging3.streamlineusa.com/wp-content/uploads/2020/05/20200507_444W17MyDarlingIvy-4876_77_78_79_80.jpg|http://www.staging3.streamlineusa.com/wp-content/uploads/2020/05/20200507_444W17MyDarlingIvy-4881_2_3_4_5.jpg|http://www.staging3.streamlineusa.com/wp-content/uploads/2020/05/20200507_444W17MyDarlingIvy-4886_87_88_89_90.jpg|http://www.staging3.streamlineusa.com/wp-content/uploads/2020/05/20200507_444W17MyDarlingIvy-4891_2_3_4_5.jpg|http://www.staging3.streamlineusa.com/wp-content/uploads/2020/05/20200507_444W17MyDarlingIvy-4901_2_3_4_5.jpg|http://www.staging3.streamlineusa.com/wp-content/uploads/2020/05/20200507_444W17MyDarlingIvy-4906_07_08_09_10.jpg|http://www.staging3.streamlineusa.com/wp-content/uploads/2020/05/20200507_444W17MyDarlingIvy-4911_2_3_4_5.jpg|http://www.staging3.streamlineusa.com/wp-content/uploads/2020/05/20200507_444W17MyDarlingIvy-4921_2_3_4_5.jpg|http://www.staging3.streamlineusa.com/wp-content/uploads/2020/05/20200507_444W17MyDarlingIvy-4926_27_28_29_30.jpg|http://www.staging3.streamlineusa.com/wp-content/uploads/2020/05/20200507_444W17MyDarlingIvy-4931_2_3_4_5.jpg|http://www.staging3.streamlineusa.com/wp-content/uploads/2020/05/20200507_444W17MyDarlingIvy-4941_2_3_4_5.jpg|http://www.staging3.streamlineusa.com/wp-content/uploads/2020/05/20200507_444W17MyDarlingIvy-4946_47_48_49_50.jpg|http://www.staging3.streamlineusa.com/wp-content/uploads/2020/05/20200507_444W17MyDarlingIvy-4956_57_58_59_60.jpg|http://www.staging3.streamlineusa.com/wp-content/uploads/2020/05/20200507_444W17MyDarlingIvy-4961_2_3_4_5.jpg|http://www.staging3.streamlineusa.com/wp-content/uploads/2020/05/20200507_444W17MyDarlingIvy-4966_67_68_69_70.jpg|http://www.staging3.streamlineusa.com/wp-content/uploads/2020/05/20200507_444W17MyDarlingIvy-4971_2_3_4_5.jpg|http://www.staging3.streamlineusa.com/wp-content/uploads/2020/05/20200507_444W17MyDarlingIvy-4976_77_78_79_80.jpg|http://www.staging3.streamlineusa.com/wp-content/uploads/2020/05/20200507_444W17MyDarlingIvy-4981_2_3_4_5.jpg|http://www.staging3.streamlineusa.com/wp-content/uploads/2020/05/20200507_444W17MyDarlingIvy-4986_87_88_89_90.jpg|http://www.staging3.streamlineusa.com/wp-content/uploads/2020/05/20200507_444W17MyDarlingIvy-5001_2_3_4_5.jpg|http://www.staging3.streamlineusa.com/wp-content/uploads/2020/05/20200507_444W17MyDarlingIvy-5006_07_08_09_10.jpg|http://www.staging3.streamlineusa.com/wp-content/uploads/2020/05/20200507_444W17MyDarlingIvy-5016_17_18_19_20.jpg|http://www.staging3.streamlineusa.com/wp-content/uploads/2020/05/My-Darling-Ivy-Featured.jpg | F31: Chelsea | G31: 1500 | H31: General Contractor | I31: VJ Moscaritola | J31: Studio Stigsby | K31: Commercial | L31: https://www.staging8.streamlineusa.com/commercial/my-darling-ivy/ | M31: https://www.staging8.streamlineusa.com/wp-content/uploads/2020/05/My-Darling-Ivy-Featured.jpg
A32: 1931 | B32: =VLOOKUP(D32, Current!C:C, 2, false) -> #REF! | C32: 6 | D32: Riverside drive Apartment | E32: http://www.staging3.streamlineusa.com/wp-content/uploads/2022/02/420-riverside-102.jpg|http://www.staging3.streamlineusa.com/wp-content/uploads/2022/02/420-riverside-121.jpg|http://www.staging3.streamlineusa.com/wp-content/uploads/2022/02/420-riverside-134.jpg|http://www.staging3.streamlineusa.com/wp-content/uploads/2022/02/420-riverside-150.jpg|http://www.staging3.streamlineusa.com/wp-content/uploads/2022/02/420-riverside-158.jpg|http://www.staging3.streamlineusa.com/wp-content/uploads/2022/02/420-riverside-194.jpg|http://www.staging3.streamlineusa.com/wp-content/uploads/2022/02/420-riverside-249.jpg|http://www.staging3.streamlineusa.com/wp-content/uploads/2022/02/420-riverside-254.jpg|http://www.staging3.streamlineusa.com/wp-content/uploads/2022/02/420-riverside-265.jpg|http://www.staging3.streamlineusa.com/wp-content/uploads/2022/02/420-riverside-36.jpg|http://www.staging3.streamlineusa.com/wp-content/uploads/2022/02/420-riverside-50.jpg|http://www.staging3.streamlineusa.com/wp-content/uploads/2022/02/420-riverside-75.jpg | F32: Morningside Heights | G32: 2900 | H32: General Contractor | I32: Samantha Orley Interiors | J32: MZA Architecture | K32: Residential | L32: https://www.staging8.streamlineusa.com/residential/riverside-apt/ | M32: https://www.staging8.streamlineusa.com/wp-content/uploads/2022/02/420-riverside-134.jpg
A33: 506 | B33: =VLOOKUP(D33, Current!C:C, 2, false) -> #REF! | C33: 4 | D33: Spring Studios, Spring Place | E33: http://www.staging3.streamlineusa.com/wp-content/uploads/2019/12/Spring-Studio-Featured-1.jpg|http://www.staging3.streamlineusa.com/wp-content/uploads/2019/12/16041_pr_springplace_5-5-1621862-3x3-1.jpg|http://www.staging3.streamlineusa.com/wp-content/uploads/2019/12/Spring-Studio.jpg|http://www.staging3.streamlineusa.com/wp-content/uploads/2019/12/8.75x2.25-spring-1-scaled.jpg|http://www.staging3.streamlineusa.com/wp-content/uploads/2019/12/16041_pr_springplace_5-5-1621784-3x2-1.jpg|http://www.staging3.streamlineusa.com/wp-content/uploads/2019/12/16041_pr_springplace_5-5-1621884-3x2-1.jpg|http://www.staging3.streamlineusa.com/wp-content/uploads/2019/12/16041_pr_springplace_5-5-1621823-3x3-1.jpg|http://www.staging3.streamlineusa.com/wp-content/uploads/2019/12/Streamline-USA-Spring-Studios-29-3x2-2.jpg|http://www.staging3.streamlineusa.com/wp-content/uploads/2019/12/SP2020_3-1.png|http://www.staging3.streamlineusa.com/wp-content/uploads/2019/12/SP2020_2.png|http://www.staging3.streamlineusa.com/wp-content/uploads/2019/12/SP2020_3.png|http://www.staging3.streamlineusa.com/wp-content/uploads/2019/12/SP2020_1.jpeg | F33: Tribeca | G33: 15000 | H33: General Contractor | I33: Bluarch Architecture and Design | K33: Commercial | L33: https://www.staging8.streamlineusa.com/commercial/spring-studios-spring-place/ | M33: https://www.staging8.streamlineusa.com/wp-content/uploads/2019/12/Spring-Studio-Featured.jpg
A34: 537 | B34: 531 | C34: 4 | D34: St. Lukes Place townhouse | E34: http://www.staging3.streamlineusa.com/wp-content/uploads/2019/12/West-Village-Featured.jpg|http://www.staging3.streamlineusa.com/wp-content/uploads/2019/12/12.jpg|http://www.staging3.streamlineusa.com/wp-content/uploads/2019/12/14.jpg|http://www.staging3.streamlineusa.com/wp-content/uploads/2019/12/17.jpg|http://www.staging3.streamlineusa.com/wp-content/uploads/2019/12/1.jpg|http://www.staging3.streamlineusa.com/wp-content/uploads/2019/12/3.jpg|http://www.staging3.streamlineusa.com/wp-content/uploads/2019/12/8.jpg|http://www.staging3.streamlineusa.com/wp-content/uploads/2019/12/9.jpg|http://www.staging3.streamlineusa.com/wp-content/uploads/2019/12/10.jpg|http://www.staging3.streamlineusa.com/wp-content/uploads/2019/12/11.jpg|http://www.staging3.streamlineusa.com/wp-content/uploads/2019/12/13.jpg|http://www.staging3.streamlineusa.com/wp-content/uploads/2019/12/15.jpg|http://www.staging3.streamlineusa.com/wp-content/uploads/2019/12/16.jpg|http://www.staging3.streamlineusa.com/wp-content/uploads/2019/12/2.jpg|http://www.staging3.streamlineusa.com/wp-content/uploads/2019/12/4.jpg|http://www.staging3.streamlineusa.com/wp-content/uploads/2019/12/7.jpg|http://www.staging3.streamlineusa.com/wp-content/uploads/2020/07/West-Village-Townhouse-Lrg-scaled.jpg | F34: West Village | G34: 5500 | H34: General Contractor | I34: Barlis Wedlick | J34: Barlis Wedlick | K34: Residential | L34: https://www.staging8.streamlineusa.com/residential/west-village-townhouse/ | M34: https://www.staging8.streamlineusa.com/wp-content/uploads/2019/12/1-1.jpg
A35: 436 | B35: =VLOOKUP(D35, Current!C:C, 2, false) -> #REF! | C35: 2 | D35: Sugarcane Raw Bar And Grill | E35: http://www.staging3.streamlineusa.com/wp-content/uploads/2019/12/Sugarcane-Featured.jpg|http://www.staging3.streamlineusa.com/wp-content/uploads/2019/12/SUGARCANE1.jpg|http://www.staging3.streamlineusa.com/wp-content/uploads/2019/12/SUGARCANE2.jpg|http://www.staging3.streamlineusa.com/wp-content/uploads/2019/12/SUGARCANE3.jpg|http://www.staging3.streamlineusa.com/wp-content/uploads/2019/12/SUGARCANE9.jpg|http://www.staging3.streamlineusa.com/wp-content/uploads/2019/12/SUGARCANE6.jpg|http://www.staging3.streamlineusa.com/wp-content/uploads/2019/12/SUGARCANE4.jpg|http://www.staging3.streamlineusa.com/wp-content/uploads/2019/12/SUGARCANE7.jpg|http://www.staging3.streamlineusa.com/wp-content/uploads/2019/12/SUGARCANE8.jpg | F35: Dumbo | G35: 12500 | H35: General Contractor + Millwork | I35: CetraRuddy Design | J35: Lawrence Jones Architecture | K35: Commercial | L35: https://www.staging8.streamlineusa.com/commercial/sugar-cane-raw-bar-and-grill/ | M35: https://www.staging8.streamlineusa.com/wp-content/uploads/2019/12/Sugarcane-Featured.jpg
A36: 2838 | B36: =VLOOKUP(D36, Current!C:C, 2, false) -> #REF! | C36: 17 | D36: Sullivan St duplex | E36: http://www.staging3.streamlineusa.com/wp-content/uploads/2020/02/DSC_0872-scaled.jpeg|http://www.staging3.streamlineusa.com/wp-content/uploads/2020/02/DSC_0862-scaled.jpeg|http://www.staging3.streamlineusa.com/wp-content/uploads/2020/02/DSC_0867-scaled.jpeg|http://www.staging3.streamlineusa.com/wp-content/uploads/2020/02/DSC_0850-scaled.jpeg|http://www.staging3.streamlineusa.com/wp-content/uploads/2020/02/DSC_0863-scaled.jpg|http://www.staging3.streamlineusa.com/wp-content/uploads/2020/02/DSC_0839-scaled.jpeg|http://www.staging3.streamlineusa.com/wp-content/uploads/2020/02/DSC_0844-scaled.jpg|http://www.staging3.streamlineusa.com/wp-content/uploads/2020/02/DSC_0853-scaled.jpeg|http://www.staging3.streamlineusa.com/wp-content/uploads/2020/02/DSC_0855-scaled.jpeg|http://www.staging3.streamlineusa.com/wp-content/uploads/2020/02/DSC_0847-scaled.jpg|http://www.staging3.streamlineusa.com/wp-content/uploads/2020/02/DSC_0858-scaled.jpeg|http://www.staging3.streamlineusa.com/wp-content/uploads/2020/02/DSC_0860-scaled.jpeg|http://www.staging3.streamlineusa.com/wp-content/uploads/2020/02/DSC_0857-scaled.jpg|http://www.staging3.streamlineusa.com/wp-content/uploads/2020/02/DSC_0871-scaled.jpg|http://www.staging3.streamlineusa.com/wp-content/uploads/2020/02/DSC_0873-scaled.jpg|http://www.staging3.streamlineusa.com/wp-content/uploads/2020/02/DSC_0870-scaled.jpg | F36: SoHo | G36: 6000 | H36: Millwork + Finishes | I36: Butter and Eggs Design | J36: Michael Tower Architecture | K36: Residential | L36: https://www.staging8.streamlineusa.com/residential/sullivan-st-duplex/ | M36: https://www.staging8.streamlineusa.com/wp-content/uploads/2020/02/DSC_0872-scaled.jpeg
A37: 2384 | B37: =VLOOKUP(D37, Current!C:C, 2, false) -> #REF! | C37: 20 | D37: Thompson St. Studio | E37: http://www.staging3.streamlineusa.com/wp-content/uploads/2019/12/THOMPSON_STUDIO-Featured-scaled.jpg|http://www.staging3.streamlineusa.com/wp-content/uploads/2019/12/THOMPSON_STUDIO3-scaled.jpg|http://www.staging3.streamlineusa.com/wp-content/uploads/2019/12/THOMPSON_STUDIO1-scaled.jpg|http://www.staging3.streamlineusa.com/wp-content/uploads/2019/12/THOMPSON_STUDIO4-scaled.jpg|http://www.staging3.streamlineusa.com/wp-content/uploads/2019/12/THOMPSON_STUDIO5-scaled.jpg | F37: SoHo | G37: 600 | H37: General Contractor + Millwork | I37: SWA Architecture | K37: Residential | L37: https://www.staging8.streamlineusa.com/residential/thompson-st-studio/ | M37: https://www.staging8.streamlineusa.com/wp-content/uploads/2019/12/THOMPSON_STUDIO-Featured-scaled.jpg
A38: 1907 | B38: =VLOOKUP(D38, Current!C:C, 2, false) -> #REF! | C38: 14 | D38: Tribeca Loft | E38: http://www.staging3.streamlineusa.com/wp-content/uploads/2019/12/Tribeca-Loft-Featured-scaled.jpg|http://www.staging3.streamlineusa.com/wp-content/uploads/2019/12/IMG_1243-scaled.jpg|http://www.staging3.streamlineusa.com/wp-content/uploads/2019/12/IMG_1244-scaled.jpg|http://www.staging3.streamlineusa.com/wp-content/uploads/2019/12/IMG_1245-scaled.jpg|http://www.staging3.streamlineusa.com/wp-content/uploads/2019/12/IMG_1246-scaled.jpg|http://www.staging3.streamlineusa.com/wp-content/uploads/2019/12/IMG_1247-scaled.jpg|http://www.staging3.streamlineusa.com/wp-content/uploads/2019/12/IMG_1241-scaled.jpg | F38: Tribeca | G38: 2500 | H38: Millwork + Finishes | I38: Bore | K38: Residential | L38: https://www.staging8.streamlineusa.com/residential/tribeca-loft/ | M38: https://www.staging8.streamlineusa.com/wp-content/uploads/2019/12/IMG_1243-scaled.jpg
A39: 534 | B39: =VLOOKUP(D39, Current!C:C, 2, false) -> #REF! | C39: 18 | D39: Upper West Side Apartment | E39: http://www.staging3.streamlineusa.com/wp-content/uploads/2020/05/Upper-West-Side-Apt-Featured.jpg|http://www.staging3.streamlineusa.com/wp-content/uploads/2020/05/IMG_7306.jpg|http://www.staging3.streamlineusa.com/wp-content/uploads/2020/05/IMG_7300.jpg|http://www.staging3.streamlineusa.com/wp-content/uploads/2020/05/IMG_7299.jpg|http://www.staging3.streamlineusa.com/wp-content/uploads/2020/05/IMG_7302.jpg|http://www.staging3.streamlineusa.com/wp-content/uploads/2020/05/IMG_7313.jpg|http://www.staging3.streamlineusa.com/wp-content/uploads/2020/05/IMG_7318.jpg|http://www.staging3.streamlineusa.com/wp-content/uploads/2020/05/IMG_7311.jpg | F39: Upper West Side | G39: 1400 | H39: General Contractor | I39: Yael and Ori Morag | J39: MZA Architecture | K39: Residential | L39: https://www.staging8.streamlineusa.com/residential/upper-west-side-apartment/ | M39: https://www.staging8.streamlineusa.com/wp-content/uploads/2020/05/Upper-West-Side-Apt-Featured.jpg
A40: 546 | B40: =VLOOKUP(D40, Current!C:C, 2, false) -> #REF! | C40: 7 | D40: Versa at the Marriott Renaissance | E40: http://www.staging3.streamlineusa.com/wp-content/uploads/2019/12/Versa-3.jpg|http://www.staging3.streamlineusa.com/wp-content/uploads/2019/12/SL-_-Hospitality-_-218-W35-_-RocknReillys-3.125x3-1.jpg|http://www.staging3.streamlineusa.com/wp-content/uploads/2019/12/SL-_-Hospitality-_-218-W35-_-RocknReillys-5.475x3-2.jpg|http://www.staging3.streamlineusa.com/wp-content/uploads/2019/12/SL-_-Hospitality-_-218-W35-_-RocknReillys-3.125x3-2-scaled.jpg|http://www.staging3.streamlineusa.com/wp-content/uploads/2019/12/Versa-1.jpg|http://www.staging3.streamlineusa.com/wp-content/uploads/2019/12/Versa-2.jpg|http://www.staging3.streamlineusa.com/wp-content/uploads/2019/12/Featured-Rock-and-Rileys-scaled.jpg|http://www.staging3.streamlineusa.com/wp-content/uploads/2019/12/Versa-4.jpg|http://www.staging3.streamlineusa.com/wp-content/uploads/2019/12/versa-canopy2.jpg | F40: Herald Square | G40: 18000 | H40: Construction Manager | I40: Celano Design | K40: Commercial | L40: https://www.staging8.streamlineusa.com/commercial/versa-marriott/ | M40: https://www.staging8.streamlineusa.com/wp-content/uploads/2019/12/Versa-3.jpg
A41: 531 | B41: 494 | C41: 14 | D41: Vivvi Daycare | E41: http://www.staging3.streamlineusa.com/wp-content/uploads/2019/12/11OF11-VIVVI-F.OUDEMAN11-scaled.jpg|http://www.staging3.streamlineusa.com/wp-content/uploads/2019/12/11OF11-VIVVI-F.OUDEMAN┬⌐-03-scaled.jpg|http://www.staging3.streamlineusa.com/wp-content/uploads/2019/12/Vivvi-Featured-5-scaled.jpg|http://www.staging3.streamlineusa.com/wp-content/uploads/2019/12/Vivvi-2-1-scaled.jpg|http://www.staging3.streamlineusa.com/wp-content/uploads/2019/12/Vivvi-6-scaled.jpg|http://www.staging3.streamlineusa.com/wp-content/uploads/2019/12/11OF11-VIVVI-F.OUDEMAN09-1-scaled.jpg|http://www.staging3.streamlineusa.com/wp-content/uploads/2019/12/Vivvi-7-scaled.jpg|http://www.staging3.streamlineusa.com/wp-content/uploads/2019/12/Vivvi-8-scaled.jpg|http://www.staging3.streamlineusa.com/wp-content/uploads/2019/12/11OF11-VIVVI-F.OUDEMAN10-3-scaled.jpg|http://www.staging3.streamlineusa.com/wp-content/uploads/2019/12/Vivvi-5-scaled.jpg|http://www.staging3.streamlineusa.com/wp-content/uploads/2019/12/Vivvi-2-2-scaled.jpg|http://www.staging3.streamlineusa.com/wp-content/uploads/2019/12/11OF11-VIVVI-F.OUDEMAN12-2-scaled.jpg|http://www.staging3.streamlineusa.com/wp-content/uploads/2019/12/11OF11-VIVVI-F.OUDEMAN┬⌐-13-2-scaled.jpg | F41: Tribeca | G41: 10000 | H41: General Contractor | I41: eleven of eleven architecture | K41: Commercial | L41: https://www.staging8.streamlineusa.com/commercial/vivvi-daycare/ | M41: https://www.staging8.streamlineusa.com/wp-content/uploads/2019/12/11OF11-VIVVI-F.OUDEMAN11-scaled.jpg
A42: 517 | B42: 2853 | C42: 15 | D42: ViVVI Daycare | E42: http://www.staging3.streamlineusa.com/wp-content/uploads/2022/02/20210219_55HudsonYards-5128-scaled.jpg|http://www.staging3.streamlineusa.com/wp-content/uploads/2022/02/20210219_55HudsonYards-5133-scaled.jpg|http://www.staging3.streamlineusa.com/wp-content/uploads/2022/02/20210219_55HudsonYards-5138-scaled.jpg|http://www.staging3.streamlineusa.com/wp-content/uploads/2022/02/20210219_55HudsonYards-5143-scaled.jpg|http://www.staging3.streamlineusa.com/wp-content/uploads/2022/02/20210219_55HudsonYards-5148-scaled.jpg|http://www.staging3.streamlineusa.com/wp-content/uploads/2022/02/20210219_55HudsonYards-5158-scaled.jpg|http://www.staging3.streamlineusa.com/wp-content/uploads/2022/02/20210219_55HudsonYards-5178-scaled.jpg|http://www.staging3.streamlineusa.com/wp-content/uploads/2022/02/20210219_55HudsonYards-5183-scaled.jpg|http://www.staging3.streamlineusa.com/wp-content/uploads/2022/02/20210219_55HudsonYards-5188-scaled.jpg|http://www.staging3.streamlineusa.com/wp-content/uploads/2022/02/20210219_55HudsonYards-5193-scaled.jpg|http://www.staging3.streamlineusa.com/wp-content/uploads/2022/02/20210219_55HudsonYards-5203-scaled.jpg|http://www.staging3.streamlineusa.com/wp-content/uploads/2022/02/20210219_55HudsonYards-5223-scaled.jpg|http://www.staging3.streamlineusa.com/wp-content/uploads/2022/02/20210219_55HudsonYards-5238-scaled.jpg|http://www.staging3.streamlineusa.com/wp-content/uploads/2022/02/20210219_55HudsonYards-5248-scaled.jpg|http://www.staging3.streamlineusa.com/wp-content/uploads/2022/02/20210219_55HudsonYards-5253-scaled.jpg|http://www.staging3.streamlineusa.com/wp-content/uploads/2022/02/20210219_55HudsonYards-5258-scaled.jpg|http://www.staging3.streamlineusa.com/wp-content/uploads/2022/02/20210219_55HudsonYards-5268-scaled.jpg|http://www.staging3.streamlineusa.com/wp-content/uploads/2022/02/20210219_55HudsonYards-5363-scaled.jpg|http://www.staging3.streamlineusa.com/wp-content/uploads/2022/02/20210219_55HudsonYards-5278-scaled.jpg|http://www.staging3.streamlineusa.com/wp-content/uploads/2022/02/20210219_55HudsonYards-5293-scaled.jpg|http://www.staging3.streamlineusa.com/wp-content/uploads/2022/02/20210219_55HudsonYards-5298-scaled.jpg|http://www.staging3.streamlineusa.com/wp-content/uploads/2022/02/20210219_55HudsonYards-5303-scaled.jpg|http://www.staging3.streamlineusa.com/wp-content/uploads/2022/02/20210219_55HudsonYards-5308-scaled.jpg|http://www.staging3.streamlineusa.com/wp-content/uploads/2022/02/20210219_55HudsonYards-5313-scaled.jpg|http://www.staging3.streamlineusa.com/wp-content/uploads/2022/02/20210219_55HudsonYards-5323-scaled.jpg|http://www.staging3.streamlineusa.com/wp-content/uploads/2022/02/20210219_55HudsonYards-5328-scaled.jpg|http://www.staging3.streamlineusa.com/wp-content/uploads/2022/02/20210219_55HudsonYards-5333-scaled.jpg|http://www.staging3.streamlineusa.com/wp-content/uploads/2022/02/20210219_55HudsonYards-5338-scaled.jpg|http://www.staging3.streamlineusa.com/wp-content/uploads/2022/02/20210219_55HudsonYards-5343-scaled.jpg|http://www.staging3.streamlineusa.com/wp-content/uploads/2022/02/20210219_55HudsonYards-5348-scaled.jpg|http://www.staging3.streamlineusa.com/wp-content/uploads/2022/02/20210219_55HudsonYards-5353-scaled.jpg|http://www.staging3.streamlineusa.com/wp-content/uploads/2022/02/20210219_55HudsonYards-5368-scaled.jpg|http://www.staging3.streamlineusa.com/wp-content/uploads/2022/02/20210219_55HudsonYards-5373-scaled.jpg | F42: Hudson Yards | G42: 7500 | H42: General Contractor | I42: Eleven of Eleven design | J42: Carol Gretter Elven of Eleven architecture | K42: Commercial | L42: https://www.staging8.streamlineusa.com/commercial/vivvi-daycare-hudson-yards/ | M42: https://www.staging8.streamlineusa.com/wp-content/uploads/2022/02/20210219_55HudsonYards-5373-scaled.jpg
A43: 2366 | B43: =VLOOKUP(D43, Current!C:C, 2, false) -> #REF! | C43: 22 | D43: Wainscott, East Hampton Residence | E43: http://www.staging3.streamlineusa.com/wp-content/uploads/2020/05/IMG_1256.png|http://www.staging3.streamlineusa.com/wp-content/uploads/2020/05/IMG_1257.png|http://www.staging3.streamlineusa.com/wp-content/uploads/2020/05/IMG_2545.png|http://www.staging3.streamlineusa.com/wp-content/uploads/2020/05/IMG_2544.png|http://www.staging3.streamlineusa.com/wp-content/uploads/2020/05/IMG_1267.png|http://www.staging3.streamlineusa.com/wp-content/uploads/2020/05/IMG_2543.png|http://www.staging3.streamlineusa.com/wp-content/uploads/2020/05/IMG_1262.png|http://www.staging3.streamlineusa.com/wp-content/uploads/2020/05/IMG_1265.png|http://www.staging3.streamlineusa.com/wp-content/uploads/2020/05/IMG_1259.png|http://www.staging3.streamlineusa.com/wp-content/uploads/2020/05/IMG_1264.png|http://www.staging3.streamlineusa.com/wp-content/uploads/2020/05/IMG_1263.png|http://www.staging3.streamlineusa.com/wp-content/uploads/2020/05/IMG_1260.png|http://www.staging3.streamlineusa.com/wp-content/uploads/2020/05/IMG_1266.png|http://www.staging3.streamlineusa.com/wp-content/uploads/2020/05/IMG_1261.png|http://www.staging3.streamlineusa.com/wp-content/uploads/2020/05/IMG_1258.png | F43: Wainscott, East Hampton | G43: 3200 | H43: Construction Consultant | I43: Nathalie Akiya Design | K43: Residential | L43: https://www.staging8.streamlineusa.com/residential/wainscott-east-hampton-residence/ | M43: https://www.staging8.streamlineusa.com/wp-content/uploads/2020/05/IMG_1256.png
A44: 523 | B44: =VLOOKUP(D44, Current!C:C, 2, false) -> #REF! | C44: 7 | D44: WARREN ST APT | E44: http://www.staging3.streamlineusa.com/wp-content/uploads/2022/02/20210222_30WarrenSt-0133.jpg|http://www.staging3.streamlineusa.com/wp-content/uploads/2022/02/20210222_30WarrenSt-0138.jpg|http://www.staging3.streamlineusa.com/wp-content/uploads/2022/02/20210222_30WarrenSt-0143.jpg|http://www.staging3.streamlineusa.com/wp-content/uploads/2022/02/20210222_30WarrenSt-0153.jpg|http://www.staging3.streamlineusa.com/wp-content/uploads/2022/02/20210222_30WarrenSt-0158.jpg|http://www.staging3.streamlineusa.com/wp-content/uploads/2022/02/20210222_30WarrenSt-0163-2.jpg|http://www.staging3.streamlineusa.com/wp-content/uploads/2022/02/20210222_30WarrenSt-0163.jpg|http://www.staging3.streamlineusa.com/wp-content/uploads/2022/02/20210222_30WarrenSt-0168-2.jpg|http://www.staging3.streamlineusa.com/wp-content/uploads/2022/02/20210222_30WarrenSt-0168.jpg|http://www.staging3.streamlineusa.com/wp-content/uploads/2022/02/20210222_30WarrenSt-0173-2.jpg|http://www.staging3.streamlineusa.com/wp-content/uploads/2022/02/20210222_30WarrenSt-0173.jpg|http://www.staging3.streamlineusa.com/wp-content/uploads/2022/02/20210222_30WarrenSt-0178-2.jpg|http://www.staging3.streamlineusa.com/wp-content/uploads/2022/02/20210222_30WarrenSt-0178.jpg|http://www.staging3.streamlineusa.com/wp-content/uploads/2022/02/20210222_30WarrenSt-0183-2.jpg|http://www.staging3.streamlineusa.com/wp-content/uploads/2022/02/20210222_30WarrenSt-0183.jpg|http://www.staging3.streamlineusa.com/wp-content/uploads/2022/02/20210222_30WarrenSt-0208-2.jpg|http://www.staging3.streamlineusa.com/wp-content/uploads/2022/02/20210222_30WarrenSt-0208.jpg|http://www.staging3.streamlineusa.com/wp-content/uploads/2022/02/20210222_30WarrenSt-0213.jpg|http://www.staging3.streamlineusa.com/wp-content/uploads/2022/02/20210222_30WarrenSt-0218.jpg|http://www.staging3.streamlineusa.com/wp-content/uploads/2022/02/20210222_30WarrenSt-0228-2.jpg|http://www.staging3.streamlineusa.com/wp-content/uploads/2022/02/20210222_30WarrenSt-0228.jpg|http://www.staging3.streamlineusa.com/wp-content/uploads/2022/02/20210222_30WarrenSt-0238-2.jpg|http://www.staging3.streamlineusa.com/wp-content/uploads/2022/02/20210222_30WarrenSt-0238.jpg|http://www.staging3.streamlineusa.com/wp-content/uploads/2022/02/20210222_30WarrenSt-0248.jpg|http://www.staging3.streamlineusa.com/wp-content/uploads/2022/02/20210222_30WarrenSt-0253.jpg|http://www.staging3.streamlineusa.com/wp-content/uploads/2022/02/20210222_30WarrenSt-0258.jpg|http://www.staging3.streamlineusa.com/wp-content/uploads/2022/02/20210222_30WarrenSt-0263.jpg|http://www.staging3.streamlineusa.com/wp-content/uploads/2022/02/20210222_30WarrenSt-0273.jpg | F44: Tribeca | G44: 2600 | H44: General Contractor | I44: Current Interiors | J44: Michael Tower Architecture | K44: Residential | L44: https://www.staging8.streamlineusa.com/residential/warren-st-apt/ | M44: https://www.staging8.streamlineusa.com/wp-content/uploads/2022/02/20210222_30WarrenSt-0178.jpg
A45: 2850 | B45: =VLOOKUP(D45, Current!C:C, 2, false) -> #REF! | C45: 20 | D45: Washington Sq. Dermatology | E45: http://www.staging3.streamlineusa.com/wp-content/uploads/2019/12/wash.jpg|http://www.staging3.streamlineusa.com/wp-content/uploads/2019/12/Washington-Sq-Derm-Featured.jpg|http://www.staging3.streamlineusa.com/wp-content/uploads/2019/12/Streamline-USA-Washington-Square-Dermatology-2.08x2.63.jpg|http://www.staging3.streamlineusa.com/wp-content/uploads/2019/12/Streamline-USA-Washington-Square-Dermatology-3.69x4.36.jpg|http://www.staging3.streamlineusa.com/wp-content/uploads/2019/12/Streamline-USA-Washington-Square-Dermatology-1.71x4.37.jpg | F45: West Village | G45: 2500 | H45: General Contractor | I45: Dr. Samer Jaber | K45: Commercial | L45: https://www.staging8.streamlineusa.com/commercial/washington-sq-dermatology/ | M45: https://www.staging8.streamlineusa.com/wp-content/uploads/2019/12/wash.jpg
A46: 540 | B46: =VLOOKUP(D46, Current!C:C, 2, false) -> #REF! | C46: 11 | D46: West 23rd St. Townhouse | E46: http://www.staging3.streamlineusa.com/wp-content/uploads/2019/12/tersigni-palachek-residential-manhattan-townhouse-04.png|http://www.staging3.streamlineusa.com/wp-content/uploads/2019/12/tersigni-palachek-residential-manhattan-townhouse-05.png|http://www.staging3.streamlineusa.com/wp-content/uploads/2019/12/tersigni-palachek-residential-manhattan-townhouse-03.png|http://www.staging3.streamlineusa.com/wp-content/uploads/2019/12/tersigni-palachek-residential-manhattan-townhouse-02.png|http://www.staging3.streamlineusa.com/wp-content/uploads/2019/12/tersigni-palachek-residential-manhattan-townhouse-01.png|http://www.staging3.streamlineusa.com/wp-content/uploads/2019/12/tersigni-palachek-residential-manhattan-townhouse-01a.png|http://www.staging3.streamlineusa.com/wp-content/uploads/2019/12/tersigni-palachek-residential-manhattan-townhouse-06.png|http://www.staging3.streamlineusa.com/wp-content/uploads/2019/12/tersigni-palachek-residential-manhattan-townhouse-07.png|http://www.staging3.streamlineusa.com/wp-content/uploads/2019/12/tersigni-palachek-residential-manhattan-townhouse-08.png | F46: Chelsea | G46: 2200 | H46: General Contractor + Millwork | I46: Tersigni Palachek Design | J46: Tersigni Palachek Design | K46: Residential | L46: https://www.staging8.streamlineusa.com/residential/west-23rd-townhouse/ | M46: https://www.staging8.streamlineusa.com/wp-content/uploads/2019/12/W23-Featured.jpg.png
A47: 2396 | B47: =VLOOKUP(D47, Current!C:C, 2, false) -> #REF! | C47: 12 | D47: Wyckoff Townhouse | E47: http://www.staging3.streamlineusa.com/wp-content/uploads/2022/02/20211202_118WyckoffSt-0964-scaled.jpg|http://www.staging3.streamlineusa.com/wp-content/uploads/2022/02/20211202_118WyckoffSt-0974-scaled.jpg|http://www.staging3.streamlineusa.com/wp-content/uploads/2022/02/20211202_118WyckoffSt-0994-scaled.jpg|http://www.staging3.streamlineusa.com/wp-content/uploads/2022/02/20211202_118WyckoffSt-1009-scaled.jpg|http://www.staging3.streamlineusa.com/wp-content/uploads/2022/02/20211202_118WyckoffSt-1039-scaled.jpg|http://www.staging3.streamlineusa.com/wp-content/uploads/2022/02/20211202_118WyckoffSt-1074-scaled.jpg|http://www.staging3.streamlineusa.com/wp-content/uploads/2022/02/20211202_118WyckoffSt-1099-scaled.jpg|http://www.staging3.streamlineusa.com/wp-content/uploads/2022/02/20211202_118WyckoffSt-1104-scaled.jpg|http://www.staging3.streamlineusa.com/wp-content/uploads/2022/02/20211202_118WyckoffSt-1159-scaled.jpg|http://www.staging3.streamlineusa.com/wp-content/uploads/2022/02/20211202_118WyckoffSt-1174-scaled.jpg|http://www.staging3.streamlineusa.com/wp-content/uploads/2022/02/20211202_118WyckoffSt-1179-scaled.jpg|http://www.staging3.streamlineusa.com/wp-content/uploads/2022/02/20211202_118WyckoffSt-1184-scaled.jpg | F47: Boerum Hill | G47: 4500 | H47: General Contractor | I47: Current Interiors, Rachel Kane, and Xandro Aventajado | K47: Residential | L47: https://www.staging8.streamlineusa.com/residential/wyckoff-st-townhouse/ | M47: https://www.staging8.streamlineusa.com/wp-content/uploads/2022/02/20211202_118WyckoffSt-0964-scaled.jpg

Sheet Current SiteUpload
A1: ID | B1: Order | C1: Title | D1: Location | E1: Size (Sq. Ft) | F1: Role | G1: Designed By | H1: Architecture by | I1: Categories | J1: Permalink | K1: Image Featured | L1: Slug
A2: 2504 | B2: 8 | C2: 12th st townhouse | D2: Greenwich Village | E2: 7000 | G2: Elisabeth de Kergorlay | I2: Residential | J2: https://www.streamlineusa.com/residential/12th-st-townhouse-greenwich-village/ | K2: http://www.streamlineusa.com/wp-content/uploads/2020/07/5th-Ave-Featured-copy.jpg | L2: 12th-st-townhouse-greenwich-village
A3: 527 | B3: 21 | C3: 1st Ave Apartment | D3: Murray Hill | E3: 2000 | F3: General Contractor + Millwork | G3: SWA Architecture | H3: SWA Architecture | I3: Residential | J3: https://www.streamlineusa.com/residential/1st-ave-apt/ | K3: http://www.streamlineusa.com/wp-content/uploads/2019/12/Murray-Hill-Featured.jpg | L3: 1st-ave-apt
A4: 2838 | B4: 19 | C4: 53rd st studio | D4: Hell's Kitchen | E4: 750 | F4: General Contractor | G4: LDN interiors | I4: Residential | J4: https://www.streamlineusa.com/residential/53rd-st-studio/ | K4: http://www.streamlineusa.com/wp-content/uploads/2022/02/20210310_425West53rdSt-3669.jpg | L4: 53rd-st-studio
A5: 570 | B5: 3 | C5: 69th St Townhouse | D5: Upper West Side | E5: 6000 | F5: General Contractor + Millwork | G5: Fury Design | I5: Residential | J5: https://www.streamlineusa.com/residential/69th-st-townhouse/ | K5: http://www.streamlineusa.com/wp-content/uploads/2019/12/BlackHenselNYC_021-scaled.jpg | L5: 69th-st-townhouse
A6: 2396 | B6: 16 | C6: 84th st townhouse | D6: Jackson Heights | E6: 2200 | G6: Nathalie Akiya Design | H6: SWA Architecture | I6: Residential | J6: https://www.streamlineusa.com/residential/84th-st-townhouse/ | K6: http://www.streamlineusa.com/wp-content/uploads/2020/05/Jackson-Heights-Featured.png | L6: 84th-st-townhouse
A7: 558 | B7: 24 | C7: Atrium Corporate Office | D7: NoHo | E7: 5000 | F7: General Contractor + Millwork | H7: Bang 3 Design | I7: Commercial | J7: https://www.streamlineusa.com/commercial/autrium-corporate-office/ | K7: http://www.streamlineusa.com/wp-content/uploads/2019/12/Streamline-USA-Atrium-5.65x4.11.jpg | L7: autrium-corporate-office
A8: 439 | B8: 1 | C8: Boqueria Restaurant | D8: Midtown | E8: 10500 | F8: General Contractor | G8: Studio Razavi | I8: Commercial | J8: https://www.streamlineusa.com/commercial/boqueria-restaurant/ | K8: http://www.streamlineusa.com/wp-content/uploads/2019/12/Featured-1-scaled.jpg | L8: boqueria-restaurant
A9: 509 | B9: 9 | C9: Burger & Lobster | D9: Bryant Park | E9: 8500 | F9: General Contractor + Millwork | G9: MZA Architecture | I9: Commercial | J9: https://www.streamlineusa.com/commercial/burger-lobster/ | K9: http://www.streamlineusa.com/wp-content/uploads/2019/12/BURGERLOBSTER3.jpg | L9: burger-lobster
A10: 552 | B10: 1 | C10: Duane Street Penthouse | D10: Tribeca | E10: 4000 | F10: General Contractor | G10: Dean Winters and Diana Gomez | H10: SWA Architecture | I10: Residential | J10: https://www.streamlineusa.com/residential/duane-street-penthouse/ | K10: http://www.streamlineusa.com/wp-content/uploads/2019/12/20210310_129DuaneSt-3975-2-scaled.jpg | L10: duane-street-penthouse
A11: 540 | B11: 15 | C11: e63rd st Penthouse | D11: Lenox Hill | E11: 1700 | F11: General Contractor + Millwork | H11: SWA Architecture | I11: Residential | J11: https://www.streamlineusa.com/residential/e63-st-penthouse/ | K11: http://www.streamlineusa.com/wp-content/uploads/2019/12/Upper-East-Side-Penthouse-Featured.jpg | L11: e63-st-penthouse
A12: 2306 | B12: 2 | C12: e64th St Townhouse | D12: Lenox Hill | E12: 3800 | G12: Virginia Tupker Interiors | H12: MZA Architecture | I12: Residential | J12: https://www.streamlineusa.com/residential/e64-st-townhouse/ | K12: http://www.streamlineusa.com/wp-content/uploads/2020/05/20200416_118East64th-3022.jpg | L12: e64-st-townhouse
A13: 503 | B13: 21 | C13: Free People Retail Store | D13: Meatpacking District | E13: 7000 | G13: David Levy Architecture | I13: Commercial | J13: https://www.streamlineusa.com/commercial/free-people-retail-store/ | K13: http://www.streamlineusa.com/wp-content/uploads/2019/12/Free-People-Updated-Featured.jpg | L13: free-people-retail-store
A14: 433 | B14: 3 | C14: Grand Ole Opry City Stage | D14: Times Square | E14: 22000 | F14: Construction Manager | G14: SWA Architecture, Morris Nathanson Interior Design | I14: Commercial | J14: https://www.streamlineusa.com/commercial/grand-ole-opry-city-stage/ | K14: http://www.streamlineusa.com/wp-content/uploads/2019/12/OPRY1.jpg | L14: grand-ole-opry-city-stage
A15: 2384 | B15: 23 | C15: Ground Central Coffee Company | D15: Murray Hill | E15: 550 | G15: Daniel O'Connor Architects | H15: Daniel O'Connor Architects | I15: Commercial | J15: https://www.streamlineusa.com/commercial/ground-central-coffee-company/ | K15: http://www.streamlineusa.com/wp-content/uploads/2020/05/Ground-Central-Featured.jpg | L15: ground-central-coffee-company
A16: 549 | B16: 11 | C16: Gunter-Seeger | D16: West Village | E16: 3300 | F16: General Contractor + Millwork | G16: AWI Interiors | I16: Commercial | J16: https://www.streamlineusa.com/commercial/gunter-seeger/ | K16: http://www.streamlineusa.com/wp-content/uploads/2019/12/Gunter-3.jpg | L16: gunter-seeger
A17: 2520 | B17: 16 | C17: Haus Nightclub | D17: Lower Manhattan | E17: 5500 | G17: John Rawlins Design | H17: SWA Architecture | I17: Commercial | J17: https://www.streamlineusa.com/commercial/haus-nightclub/ | K17: http://www.streamlineusa.com/wp-content/uploads/2020/07/Haus-Featured.jpg | L17: haus-nightclub
A18: 567 | B18: 9 | C18: Horatio St. Townhouse | D18: Meat Packing District | E18: 3200 | F18: General Contractor + Millwork | G18: Tersigni Palachek Design | H18: David Bae Architect | I18: Residential | J18: https://www.streamlineusa.com/residential/horatio-st-townhouse/ | K18: http://www.streamlineusa.com/wp-content/uploads/2019/12/tersigni-palachek-residential-west-village-02.png | L18: horatio-st-townhouse
A19: 517 | B19: 5 | C19: Hudson Street Penthouse | D19: Tribeca | E19: 3500 | F19: Millwork + Finishes | I19: Residential | J19: https://www.streamlineusa.com/residential/hudson-street-penthouse/ | K19: http://www.streamlineusa.com/wp-content/uploads/2019/12/Hudson-Featured-1.jpg | L19: hudson-street-penthouse
A20: 2850 | B20: 12 | C20: Hudson Yards Mall | D20: Hudson Yards | E20: 3500 | F20: General Contractor | I20: Commercial | J20: https://www.streamlineusa.com/commercial/hudson-yards-mall/ | K20: http://www.streamlineusa.com/wp-content/uploads/2022/02/20210222_HudsonYardsMall-0087-scaled.jpg | L20: hudson-yards-mall
A21: 555 | B21: 5 | C21: Indeed Corporate Office Suite | D21: Midtown | E21: 36000 | F21: Carpentry + Millwork | I21: Commercial | J21: https://www.streamlineusa.com/commercial/indeed-corporate-office-suite/ | K21: http://www.streamlineusa.com/wp-content/uploads/2019/12/Indeed-Updated-Featured.jpg | L21: indeed-corporate-office-suite
A22: 491 | B22: 8 | C22: Kat & Theo | D22: Flatiron District | E22: 2300 | F22: General Contractor + Millwork | G22: Aviva Collective | I22: Commercial | J22: https://www.streamlineusa.com/commercial/kat-theo/ | K22: http://www.streamlineusa.com/wp-content/uploads/2019/12/Screen-Shot-2016-03-02-at-1.48.15-PM.jpg | L22: kat-theo
A23: 561 | B23: 6 | C23: KITH | D23: NoHo | E23: 7500 | G23: Snarkitecture | I23: Commercial | J23: https://www.streamlineusa.com/commercial/kith/ | K23: http://www.streamlineusa.com/wp-content/uploads/2019/12/StreamlineUSA-RET-Kith-03-4.37x3.4.jpg | L23: kith
A24: 1835 | B24: 10 | C24: Lexington Ave Townhouse | D24: Upper East Side | E24: 4500 | G24: Salvatore LaRosa | H24: B5 Studio Architects | I24: Residential | J24: https://www.streamlineusa.com/residential/lexington-ave-townhouse/ | K24: http://www.streamlineusa.com/wp-content/uploads/2020/02/UES-8-e1595540404244.jpg | L24: lexington-ave-townhouse
A25: 1931 | B25: 18 | C25: Mackage SoHo | D25: SoHo | E25: 4500 | G25: Burdifilek | I25: Commercial | J25: https://www.streamlineusa.com/commercial/mackage-soho/ | K25: http://www.streamlineusa.com/wp-content/uploads/2020/02/IMG_8648-scaled.jpg | L25: mackage-soho
A26: 523 | B26: 13 | C26: Madison Ave Duplex | D26: Murray Hill | E26: 3400 | F26: General Contractor + Millwork | G26: Lynch Eisinger Design | I26: Residential | J26: https://www.streamlineusa.com/residential/madison-ave-duplex-2/ | K26: http://www.streamlineusa.com/wp-content/uploads/2019/12/SL-_-Residential-_-215-Madision-_-Residence-3.425x3.jpg | L26: madison-ave-duplex-2
A27: 443 | B27: 13 | C27: Mint Kitchen Restaurant | D27: West Village | E27: 4000 | G27: Creme | H27: MZA Architecture | I27: Commercial | J27: https://www.streamlineusa.com/commercial/mint-kitchen-restaurant/ | K27: http://www.streamlineusa.com/wp-content/uploads/2019/12/Creme_Mint-Kitchen_HR-11-scaled.jpg | L27: mint-kitchen-restaurant
A28: 512 | B28: 10 | C28: Momofuku KO | D28: Bowery | E28: 4500 | F28: General Contractor | G28: Richard Lewis Architecture | I28: Commercial | J28: https://www.streamlineusa.com/commercial/momofuku-ko/ | K28: http://www.streamlineusa.com/wp-content/uploads/2019/12/Momofuku-Featured.jpg | L28: momofuku-ko
A29: 2345 | B29: 22 | C29: Motel 23 Lounge | D29: Chelsea | E29: 3500 | G29: Colin Fuda | H29: Atelier New York | I29: Commercial | J29: https://www.streamlineusa.com/commercial/motel-23-lounge/ | K29: http://www.streamlineusa.com/wp-content/uploads/2020/05/Motel-23-Featured.jpg | L29: motel-23-lounge
A30: 2425 | B30: 19 | C30: My Darling Ivy | D30: Chelsea | E30: 1500 | G30: VJ Moscaritola | H30: Studio Stigsby | I30: Commercial | J30: https://www.streamlineusa.com/commercial/my-darling-ivy/ | K30: http://www.streamlineusa.com/wp-content/uploads/2020/05/My-Darling-Ivy-Featured.jpg | L30: my-darling-ivy
A31: 2842 | B31: 6 | C31: Riverside Drive Apartment | D31: Morningside Heights | E31: 2900 | F31: General Contractor | G31: Samantha Orley Interiors | H31: MZA Architecture | I31: Residential | J31: https://www.streamlineusa.com/residential/riverside-drive-apartment/ | K31: http://www.streamlineusa.com/wp-content/uploads/2022/02/420-riverside-134.jpg | L31: riverside-drive-apartment
A32: 506 | B32: 4 | C32: Spring Studios, Spring Place | D32: Tribeca | E32: 15000 | F32: General Contractor | G32: Bluarch Architecture and Design | I32: Commercial | J32: https://www.streamlineusa.com/commercial/spring-studios-spring-place/ | K32: http://www.streamlineusa.com/wp-content/uploads/2019/12/SP2020_3.png | L32: spring-studios-spring-place
A33: 531 | B33: 4 | C33: St. Lukes Place townhouse | D33: West Village | E33: 5500 | F33: General Contractor | G33: Barlis Wedlick | H33: Barlis Wedlick | I33: Residential | J33: https://www.streamlineusa.com/residential/st-lukes-place-townhouse/ | K33: http://www.streamlineusa.com/wp-content/uploads/2019/12/1-1.jpg | L33: st-lukes-place-townhouse
A34: 436 | B34: 2 | C34: Sugarcane Raw Bar And Grill | D34: Brooklyn | E34: 12500 | F34: General Contractor + Millwork | G34: CetraRuddy Design | H34: Lawrence Jones Architecture | I34: Commercial | J34: https://www.streamlineusa.com/commercial/sugar-cane-raw-bar-and-grill/ | K34: http://www.streamlineusa.com/wp-content/uploads/2019/12/Sugarcane-Featured.jpg | L34: sugar-cane-raw-bar-and-grill
A35: 1907 | B35: 17 | C35: Sullivan St duplex | D35: SOHO | E35: 6000 | G35: Butter and Eggs Design | H35: Michael Tower Architecture | I35: Residential | J35: https://www.streamlineusa.com/residential/sullivan-st-duplex-2/ | K35: http://www.streamlineusa.com/wp-content/uploads/2020/02/DSC_0847-scaled.jpg | L35: sullivan-st-duplex-2
A36: 534 | B36: 20 | C36: Thompson St. Studio | D36: SOHO | E36: 600 | F36: General Contractor + Millwork | G36: SWA Architecture | I36: Residential | J36: https://www.streamlineusa.com/residential/thompson-st-studio/ | K36: http://www.streamlineusa.com/wp-content/uploads/2019/12/THOMPSON_STUDIO-Featured-scaled.jpg | L36: thompson-st-studio
A37: 520 | B37: 14 | C37: Tribeca Loft | D37: Tribeca | E37: 2500 | F37: Millwork + Finishes | I37: Residential | J37: https://www.streamlineusa.com/residential/tribeca-loft/ | K37: http://www.streamlineusa.com/wp-content/uploads/2019/12/Tribeca-Loft-Featured-scaled.jpg | L37: tribeca-loft
A38: 2409 | B38: 18 | C38: Upper West Side Apartment | D38: Upper West Side | E38: 1400 | G38: Yael and Ori Morag | H38: MZA Architecture | I38: Residential | J38: https://www.streamlineusa.com/residential/upper-west-side-apartment/ | K38: http://www.streamlineusa.com/wp-content/uploads/2020/05/Upper-West-Side-Apt-Featured.jpg | L38: upper-west-side-apartment
A39: 546 | B39: 7 | C39: Versa at the Marriott Renaissance | D39: Herald Square | E39: 18000 | F39: Construction Manager | G39: Celano Design | I39: Commercial | J39: https://www.streamlineusa.com/commercial/versa-marriott/ | K39: http://www.streamlineusa.com/wp-content/uploads/2019/12/Versa-3.jpg | L39: versa-marriott
A40: 494 | B40: 14 | C40: ViVVI Daycare | D40: Tribeca | E40: 10000 | F40: General Contractor | G40: eleven of eleven architecture | I40: Commercial | J40: https://www.streamlineusa.com/commercial/vivvi-daycare-tribeca/ | K40: http://www.streamlineusa.com/wp-content/uploads/2019/12/11OF11-VIVVI-F.OUDEMAN11-scaled.jpg | L40: vivvi-daycare-tribeca
A41: 2853 | B41: 15 | C41: Vivvi Daycare | D41: Hudson Yards | E41: 7500 | F41: General Contractor | G41: Eleven of Eleven design | H41: Carol Gretter Elven of Eleven architecture | I41: Commercial | J41: https://www.streamlineusa.com/commercial/vivvi-daycare-hudson-yards/ | K41: http://www.streamlineusa.com/wp-content/uploads/2022/02/20210219_55HudsonYards-5373-scaled.jpg | L41: vivvi-daycare-hudson-yards
A42: 2366 | B42: 22 | C42: Wainscott, East Hampton Residence | D42: Wainscott, East Hampton | E42: 3200 | G42: Nathalie Akiya Design | I42: Residential | J42: https://www.streamlineusa.com/residential/wainscott-east-hampton-residence/ | K42: http://www.streamlineusa.com/wp-content/uploads/2020/05/IMG_1256.png | L42: wainscott-east-hampton-residence
A43: 2847 | B43: 7 | C43: WARREN ST APT | D43: Tribeca | E43: 2600 | F43: General Contractor | G43: Current Interiors | H43: Michael Tower Architecture | I43: Residential | J43: https://www.streamlineusa.com/residential/warren-st-apt/ | K43: http://www.streamlineusa.com/wp-content/uploads/2022/02/20210222_30WarrenSt-0178.jpg | L43: warren-st-apt
A44: 564 | B44: 20 | C44: Washington Sq. Dermatology | D44: West Village | E44: 2500 | F44: General Contractor | G44: Dr. Samer Jaber | I44: Commercial | J44: https://www.streamlineusa.com/commercial/upper-east-side-townhouse/ | K44: http://www.streamlineusa.com/wp-content/uploads/2019/12/wash.jpg | L44: upper-east-side-townhouse
A45: 537 | B45: 11 | C45: West 23rd St. Townhouse | D45: Chelsea | E45: 2200 | F45: General Contractor + Millwork | G45: Tersigni Palachek Design | H45: Tersigni Palachek Design | I45: Residential | J45: https://www.streamlineusa.com/residential/west-23rd-townhouse-2/ | K45: http://www.streamlineusa.com/wp-content/uploads/2019/12/W23-Featured.jpg.png | L45: west-23rd-townhouse-2
A46: 2860 | B46: 12 | C46: Wyckoff Townhouse | D46: Boerum Hill | E46: 4500 | F46: General Contractor | G46: Current Interiors, Rachel Kane, and Xandro Aventajado | I46: Residential | J46: https://www.streamlineusa.com/residential/wyckoff-townhouse/ | K46: http://www.streamlineusa.com/wp-content/uploads/2022/02/20211202_118WyckoffSt-0964-scaled.jpg | L46: wyckoff-townhouse

Sheet Sheet1
A2: check email from eric to update titles | B2: done | G2: general rule | H2: focus on first 5 of res and commercial
A3: look through your notes to make sure everything is done | B3: done | H3: and the latest ones as well
A4: look through eric's email for notes besides titles | B4: done
A5: add Duane st pics (bed spread pics) | B5: Alexey
A6: testimonials | B6: Alexey
A7: Washington Sq Dermatology listed 2x | B7: Alexey
A8: Murray Hill apt listed 2x | B8: Alexey | C8: i think something happens with the listing order when content is edited
A9: Sugarcane raw bar was spelled wrong (sugar cane is wrong). Not sure if it's on anotehr booklet. The booklet you sent is residential only so it's not listed there | B9: Alexey
A10: check spreadsheet for errors grammer etc | B10: done
A11: suggest new featured image if the current one really sucks | B11: done
A12: set new orders for slider images | B12: done
A13: as you're doing all of this notate any quirks from working on monitor
A14: Check a few pages on mobile just to make sure things look ok there too
